,id,date,dateYear,dateMonth,dateDay,rating,userName,content
0,1,20221001,2022,10,01,1,이투덜,기존에 쓰고 있는 어플을 업로드하면서 쓰면 되는데.. 괜히 다른앱을 만들어서 잡다한 서비스에 광고도 많고 복잡하게 만들어서 사용하기 불편하네요. 아직 완전한 앱도 아닌듯하고 몇일전부터 뭐 확인할려면 지연된다는 문구가 뜨고 답답하네요. 완전히 실행가능할때 사용해도 늦지 않을듯 싶은데.. 뭐가 그리 급했는지...
1,2,20220928,2022,09,28,1,헤도니카냥냥,"재밌는사실 하나를 알려주기전에, 이 어플 UI제작자는 구조조정 대상 1순위임에 부족함 한점 없음을 밝힌다. 마이페이지 들어가려면 마이를 누르고 잠시 번쩍하고 사라지는 메뉴에서 회원정보 변경을 빠르게 연타하면 들어갈수있다. 그리고 가끔 로딩중 나타나는 버튼들을 누르면 낮은확률로 비밀맵을 볼수있다. 놀랍게도 실화다. 사실 마이페이지에 들어가서 챗봇에게 검색하는게 제일간단하다. 하지만 나는 일단 고객센터를 통해 이 버그투성이인 흥미로운 어플을 상담원과 함께 알아가볼것이다. 어떻게 이런것이 아직도 밝혀지지않은것일까 그게 진정한 미스테리이다"
2,3,20220819,2022,08,19,2,yeseul yang,너무 메뉴가 많아서 그런지.. 이벤트의 경우도 이런 루트로 접속하면 다른 메뉴창이 뜨고 다른 루트로 접속하면 또 다르고.. 한번에 쉽게 찾아가는게 아닌 몇번을 돌아가게 되는것 같습니다. 분명 숏컷이 있었는데 복잡하고 메뉴화면도 여러개인듯 하여 헤매게되요... 이렇게 메뉴찾기 복잡한 앱 손에 꼽는데 지금 쓰는 앱중엔 제일 찾기힘드네요
3,4,20220909,2022,09,09,1,이윤한,1) 한 눈에 안 들어오는 UI/ 기능은 쓸데없이 많아서 UI가 난잡하다. 거기다 업데이트는 필요 이상으로 자주해서 UI가 눈에 익으려고 하면 또 바뀌어 있음. 근데 바뀌었다고 해서 나아지진 않음. 2) 앱이 너무 무겁다/ 기능을 너무 많이 집어 넣어서 간편하게 결제할 수 있는 삼성페이에 밀릴 수 밖에 없음. 솔직히 모바일 결제핼 때만 QR 찍느라만 쓰는 듯. 배터리도 매우 많이 잡아 먹는다.
4,5,20220906,2022,09,06,2,박찬근,"신한플러스의 걸음수가 워치를 통해서도 동기화되었으면 좋겠습니다. 신한라이프의 닐리리만보 어플은 웨어러블 정보로 걸음수가 카운트되었는데, 신한플러스의 경우 무조건 폰 걸음수만 측정하니 상당히 불편하네요. 셀룰러 워치를 쓰는 이유가 폰을 두고 운동 나가도 가능하다는 장점이 있기 때문인데, 신한플러스의 만보기는 이 장점을 퇴색시키는 것 같습니다."
5,6,20220830,2022,08,30,1,디텔디테일,"처음예 몇번은 썼는데 너무 복잡한 앱이라 쓰기 어려워요 메뉴가 직관적이지 않고 사용이 불편해 쓸일이 있어도 꺼려지고 카드를 정리할까 고민하게 됩니다. 요즘은 ""고객님의 안전한 가입을 위해 와이파이 또는 VPN 연결을 해제하고 다시 가입해주세요""라면서 홈화면에서 더 이상 사용도 안됩니다. 수고하시며 만들었을텐데 안타깝네요"
6,7,20220729,2022,07,29,2,현구 바오로,노트10 사용자인데 배터리가 1년도 사용 못한 폰이 급격히 닳아서 삼성전자 A/S센터에 배터리 교체하러 그 먼길을 1시간 정도 소요해서 찾았더니 기사분이 바로 이 어플 신한플레이가 배터리 광탈의 주원인이고 신한측에 개선요구를 여러차례 촉구했는데 아직 개선되지 못했다고 하네요. 결국 배터리 효율은 100%라서 헛걸음에 귀가했어요. 정말 허망하네요. 빠른 업그레이드와 개선을 촉구합니다.
7,8,20220820,2022,08,20,1,HS Shin,"업데이트 할 때마다 갈수록 앱은 무거워지고, 이제는 빠릿빠릿 잘 돌아가던 폰이 앱만 실행하면 버벅버벅 앱은 커녕 폰을 거의 사용을 못할 지경이네요... 폰이 최신은 아니지만, 스펙이 그렇게 떨어지는것도 아니고, 스냅 845면 나름 아직도 충분한 스펙인데... 도저히 버벅거리고 느려터져서 못쓰겠네요...신한플레이 앱도 문제지만, V3만 뜨면 그런것 같음...이 앱만 종료하면 거짓말처럼 폰이 빠릿빠릿 다시 정상으로 돌아옴...-------- 추가 : 와 신규카드 신청하는데 한시간 걸림. 느릿느릿 버튼 한번 누르면 한 5초 있다가 반응하고. 그렇게 UI 반응이 느리니 자꾸 잘못 누르게 되고 카드홈 화면으로 빠져나가면서 로그아웃 되어있고...3번 실패하고 4번째에 겨우 성공...와 진심 도대체 이 앱을 어떻게 쓰라고 만든건지? 이렇게 해서 영업 되나요? 진짜 쓰다가 빡쳐서 폰 집어던지고 싶어짐. 진짜 안드 초창기부터 지금까지 10년 넘게 써온 앱들중 이렇게 반응 느려터지고 답답한 앱은 처음"
8,9,20220804,2022,08,04,1,dikie oh,너무 느려요. 초기화면에 팝업 광고도 넘 느리고 닫기도 한참 뒤에 되고 결제 바로가기 아이콘을 바탕화면에 두고 결제시 눌러도 한팜 걸리거나 가끔씩 오류뜨고.. 앱 개편전이 훨씬 나았어요 개편후 시간이 지나면 안정화 될 꺼라 생각했는데 더 무거워져서 넘 느려요.. 너무 느려요.. 마이샵.. 탑스클럽.. 제 폰은 갤럭시s22 울트라 입니다..폰이 문제인가요?
9,10,20220926,2022,09,26,1,buck baek,"몹시 불편한 ui,버그투성이, 가장 기본적인 카드 및 내역 확인을 매우 불편하게 만들어놓음 특히 첫 화면 카드 스크롤 형식. 사람들이 많이 사용하는 카카오페이나 토스, 혹은 다른 은행 앱을 본받을 필요가있음, 잡다한 서비스를 의미하는것이 아닌 가장 기본적인 카드 앱의 편의성이 전혀없음. 사용한 모든 은행, 카드 앱들중 매우 난잡하고 버그투성이에 불편하다.. 로그인 안되서 다시 설치하라했는데 로그인도 안되고... 진짜 열받네..위에서 시키니 이렇게 난잡하고 흉물스럽게 만들었겠지 ㅠㅠ"
10,11,20220910,2022,09,10,1,yeonhee park,"최근 안드로이드 폰에서 결제가 안되는지 모르겠네요. 이전 어플에서는 문제가 없었는데. 신한 플레이에서 결제 정보를 조회하거나, 신한 플레이를 이용하여 타 사이트를 통해 조회할 때 화면 전체가 블럭 되면서 결제가 되지않습니다. 최소 1주일 이상 된 것 같은데 여전하네요. 업데이트도 되지않구요.. 이전 어플로 돌아가는건 어떨까요? 주문 결제 창에서 먹통이 되어버려서 아주 불편합니다. 자꾸 이런 상황이 반복되면 더이상 신한 카드로 결제를 하고 싶지 않아질 것 같네요."
11,12,20220915,2022,09,15,1,이주민,너무 느려요...다른 앱보다 로딩속도가 너무 길어요. 자동로그인 해놨는데 카드 쪽은 자동으로 로그인이 잘 안되고 매번 따로 로그인해야하는 것도 불편해요. 카드 즉시결제 하려고 신한플레이 인증 눌렀는데 화면만 회색으로 바뀌고 지문 인식하는 창은 안뜨고 멈추네요...신한카드 어플 곧 서비스 중지라는데 그전에 신한플레이 어플이 속도도 좀 빨라지고 카드카테고리도 자동로그인이 잘 되었으면 합니다. 카드쪽에서 이용내역란 찾기도 힘들어요. 자주 사용하는 카테고리는 메인에서 찾기 쉽게 좀 해주세요.
12,13,20220910,2022,09,10,1,러시안블루,최악의 UI네요...카드 발급 신청 정보 입력이 거의 끝나고 동의버튼 누르는데 스크를 하다 뭐 누르니까 묻지도 않고 메인화면으로 그냥 나가버리네요.... 와... 그냥 영업점 가서 발급합니다. 디자인된 화면만 띄워놓고 그걸 앱 UI/UX라고 생각하고 만들었다면 충분히 나올 수 있는 앱이네요. 하하하..... 그냥 다른 카드사 가렵니다.
13,14,20220914,2022,09,14,2,최수민,참다참 다 리뷰 쓰는건데 앱 킬 때마다 10초를 기다려야한다는건 모바일 환경으로는 최악 아닌가요? 업데이트 하면 서 조금 가벼워졌겠지 했는데 더 무거워졌고 이 어플 잠깐만 사용해도 폰 발열현상이 있어요. 온라인 결제때문에 쓰곤 있는데 이렇게 끊김이 심하니 좋은 말이 안 나와요. 폰 기종 문제인가 싶었는데 최근 이런 리뷰가 많은거보니 다음 업데이트에는 좀 반영되어서 사용환경에 맞춰 최적화가 되었으면 좋겠어요.
14,15,20220920,2022,09,20,2,jenny제니,"원래 잘 사용하고 있었는데 몇달전부터 결제내역 PUSH 알림이 오지 않아서 매우 불편합니다. 카드사 내 고객센터 문의후 답변대로 기기 재부팅도 해봤으나, 막 했을 당시 1번만 오고 또 오지 않고 핸드폰 설정에서 알림허용여부 등 모두 확인했는데 정상입니다. 플레이 앱 내에서 문의사항 남기는 곳도 찾기 어렵고요"
15,16,20220723,2022,07,23,1,킴이크,자발작으로 한번도 앱 리뷰를 써본적이 없는데 너무 답답해서 남깁니다. 대기업 앱이라고 생각할수 없을정도로 난잡합니다. 의미없는 메뉴와 기능이 스파게티처럼 꼬여있어서 하위메뉴 호출 구조가 천차만별이고 백키 동작도 너무 느리고 예측할수 없는 결과가 자주 생깁니다. 개선이 시급합니다.
16,17,20220930,2022,09,30,5,드록바,신한플레이 나오자마자 업데이트해서 지금까지 쓰고 있습니다. 렉도 심하고 응답대기도 많고 답답합니다. 이벤트 나 다른 것을 할때마다 대기모드로 변경되고 지금쓰는 여타 앱보다도 젤 느리게 구동 되고 있습니다. 빠르게 조치가 필요할거 같아요. ______-----------------------_____ 렉도 수정이 됐고 매번 새로운 이벤트 소소한 일상을 나눌수 있는 커뮤니티 개설등등 앱상에서 지루하지않게 할수 있어서 좋아요 거기에 포인트는 덤 ㅎㅎ 별점5개로 수정합니다 ㅎ
17,18,20220822,2022,08,22,1,신명,"이미 가입이 되어있는데, 로그인 하는방법 다 막혀있네요. 폰을 최신으로 바꾸면서 아주 불편해졌습니다. 공동인증서 로그인도 안되고요. 간편비밀번호 일치하지 않는다 하고요. 결국 일회용 로그인 아니면 아이디 별도로 찾아서 로그인해야했습니다. 더 짜증나는건 회원가입해서 아이디있으면 넘어가주겠거니 했는데, 와이파이환경이라서 화면 넘어가지도 않습니다. 그리고 로그인해도 마이페이지는 가지는데 가입하기화면뜨면서 세세한건 볼 수도 없네요. 최소한 폰에 문제가 있는 것 같지 않아요. 답답합니다. 빠른 피드백 부탁드립니다."
18,19,20220904,2022,09,04,1,RioS,와~ 이렇게 무겁고 복잡한 어플은 처음입니다. 터치반응이 기본 2~3초네요. 그리고 원하는 메뉴나 이벤트를 찾으려면 한참을 돌아다녀야하는데.. 몇십분을 찾다가 대부분 못찾고 포기합니다 이걸 계속 사용해야하나 싶은 자괴감이 들 정도에요 이정도면 경쟁사 개발자가 만들어준게 아닌가 싶은 의구심이 드네요
19,20,20220826,2022,08,26,1,KyeChul Kim,"이번 8월 1일부터 오늘까지 신한플레이 앱이 쓴 데이터만 1.7기가네요. 평소 매일같이 신한플레이를 이용해서 터치결제를 하지만, 아무리 생각해도 상식 밖의 데이터 소모량입니다. (매일 몇시간씩 웹서핑하는 크롬이 3기가정도 사용. 그런데 터치결제할때만 쓰는 금융앱이 1.7기가?)설명 부탁드립니다."
20,21,20220718,2022,07,18,1,MINCHEOL KIM,백그라운드 리소스를 지속적으로 잡아먹는 시스템 오류 때문에 배터리 소모 속도가 휴대폰 사용에 있어서 체감 될 정도로 신경쓰입니다. 임시방편으로 해결하는 방법은 휴대폰을 껐다가 다시 키는 방법밖에 없어서 이마저도 상당히 번거롭습니다. 카드결제 때문에 최소 하루에 한 번은 어플을 이용할 수 밖에 없습니다. 부디 이 문제를 신속히 해결하여 원활한 어플 사용이 가능해 지길 바라겠습니다.
21,22,20220723,2022,07,23,2,조동현,안드로이드 최신버전에 호환이 안된다면서 터치가 먹통이 됩니다. 아마도 포인트팡팡 어플이 잠시 화면에 뜨는 5초정도 동안 이런 증상이 나타나는거 같은데 아직 해결이 안되었는가 보네요. 어떨때는 문제가 없는 듯 한데 몇일 잠잠하다가 오늘부터 다시 이러니 너무 불편하네요. 빠른 해결 부탁드립니다.
22,23,20220930,2022,09,30,1,Oh!짱,계속 어플 알림받고 있었는데 이번 업뎃하고 어플 알림이 안와요. 늘 터치결제 이용하는데 문자옵니다!!! 전화상담하니 통신사에 문의하라네요^^바뀐거라곤 신한플레이 업뎃 뿐인데ㅋㅋ 글고 어플 너무 무겁고 느려요 다른 페이지 넘어가는데 하세월이네요. 어플 알림 안오는거 해결해주세요!!!
23,24,20220901,2022,09,01,1,Ha Kyeong Cho,"신한카드 5년째 씁니다. 앱이 하루종일 먹통입니다. 갤럭시 s22인데 앱 한 번 열면 폰이 먹통이 되질않나 어쩌라는건지 모르겠네요. 광고 팝업 등 기타 쓸데없는 잡다한 기능 추가하지 마시고 기본에 충실해주세요. 돈이 오가는 카드사 어플이 이 따위여도 되나요? 카드는 혜택만보면 되는 줄 알았는데 어플이 후져서 결제가 안되다니. 진지하게 카드사 바꿔야하나 생각이 드네요. 이게 왜 별점이 4.2점인건지 이해할수가없네. 결제못해서 이자 올라가는건, 제 시간 날린건 보상해주시나요? +추가. 업데이트 이후에도 여전히 로딩시간이 길고, 결제 중에 응답없음이 뜹니다. 너무 스트레스받네요. 업데이트 전보다 메뉴가 추가된건지 필요한 메뉴는 찾기 어렵고 불필요한 메뉴만 잔뜩 늘어난 느낌이에요. 결제금액과 결제창, 결제내역, 포인트사용 창 정도가 제일 앞에 있어야 할 메뉴 아닌가요ㅠㅠ? 용량이 버거워보이는데 차라리 결제관련 앱만 따로 분리해주세요 앱 열때마다 폰에 불나요..."
24,25,20220930,2022,09,30,1,이서,신한카드앱이 통합되고 난 후로 안되는게 너무 많아요. 카드 이용내역조회페이지 접근하면 먹통이고 다른앱에서 결제호출해도 먹통이고...결제는 삼성페이로 하고있고 이용내역은...뭐 포기했어요. 혹시나해서 최신버전 업데이트를 해봐도 별수없네요. 짜증나 진짜 ㅠㅠ
25,26,20220904,2022,09,04,2,Lost Monster,메뉴가 가뜩이나 많은데 직관적이지 않아서 사용자가 검색하거나 기억해서 일일히 들어가야 해요. 너무 불편합니다. 메뉴좀 정리해주시고 신한플러스 이런 것도 하나로 통합해주시면 안되나요. 앱 체류시간 늘리려고 일부러 이렇게 하신건지.. ㅎ ㅏ....
26,27,20220906,2022,09,06,1,DH K,신한카드 앱에서 넘어왔는데 메뉴가 너무 복잡하고 찾는데 머리 아프네요. 서울사랑상품권도 상품권 구매 목록도 찾다가 짜증나서 꺼 버렸네요. 메뉴를 직관적으로 찾아 갈수있게 하면 좋겠네요 이것저것 앱들을 하나로 통일시킬려는 의도라면 이건 머 다시 분리하는게 낫겠네요
27,28,20220922,2022,09,22,1,김혜준,갤럭시 폴드4 사용 앱설치후 휴대폰 본인인증 메세지가 오지 않아 가입이 안됩니다.고객센터 문의후 안내 문자 보내준다 했는데 그문자도 아마 수신 불가인듯 신한쏠 구신한카드 앱 정상적으로 다운 설치 되었는데 이앱만 본인 인증 안됩니다. 앱다운시 와이파이로 진행하지 않았고 설정확인다 했구요 어플 삭제 재부팅 다시 설치 모두다 실행해 보았으니 로봇답변 하지 마시고 확실한 답변 부탁드립니다 이어플때문에 3일째 씨름하고 있습니다. 빠르고 정확한 답변 주세요 별을 주지 않으면 글도 개시못한다니 별점이 무슨 소용 일런지
28,29,20220914,2022,09,14,1,조은채,굳이.. 이어플을 사용해야 하나요? 다른어플에서 신한카드 선택하고 삼성페이로 결제하기 누르면 신한플레이에서 결제하게끔 어플이 열리네요. 삼성페이 연동해놔서 결제가 가능한데도 말이죠....배터리도 엄청 잡아먹는 어플이고...이 어플을 깔음으로써 핸드폰의 발열도 생겼어요. 발열때문에 어플을 지울수 밖에 없는데 왜 꼭 여기서 결제만 해야하는건지 이해할수가 없습니다. 삼성페이 선택하면 결제가 된다고 했는데 결제가 안되니까 제가 글을 남긴거겠죠? 분명 신한카드 클릭먼저하게 되어 있고 거기서 결제하기를 삼성페이로 선택했는데 무조건 신한플레이가 열려요. 발열되는 것 때문에 삭제하고 싶은데 인터넷 결제에서 신한카드 선택하면 신한 플레이가 꼭 있어야 결제가 되니까 그러는거에요.
29,30,20220921,2022,09,21,2,우영애플wooapple,아니 평소처럼 온라인결제하다가 갑자기 업데이트해서 신한플레이 되고나서 온라인결제를 못하네요;; 온라인 주문 페이지에서 결제요청을 누르면 계속 여기 구글플레이 화면으로 오고.. 뭐 어떻게해야하는지 표시라도 뜨게하던가해야하는거 아닌가요? 그냥 오프라인 결제만 할 수 있게 만든건가요?
30,31,20220721,2022,07,21,1,파인애플,1. 느림. 터치한 부분이 1초 늦게 눌림 내 살다살다 앱내 애니메이션효과가 드드득 하면서 프레임 떨어지는것 처럼 보이는 경우는 처음봄 2. 배터리 엄청 잡아먹음. 백그라운드에서 계속 돌고있음 3. 오류 너---무 많음. 실제 결제금액은 0원인데 앱내에서는 계속 결제할 금액 있다고 나와서 상담원 상담까지함.. 삭제합니다. 그냥 웹페이지 쓰려구요. 웹이 나은 카드사라니 여러모로 대단하네요
31,32,20220712,2022,07,12,1,정유진,나눠져있던 앱을 합친건 좋은데... 모든 카테고리를 하나의 앱으로 해결하려니 찾기가 힘들고 메뉴가 너무 많으니 인터페이스가 직관적이지 않습니다. 심지어 친숙한 원래의 방식도 아니고 페이지들이 애매하게 변경되서 알아보기 힘들어요 ㅜ 또한 속도가 심각하게 저하되며 특정 페이지들에서 자주 멈추는데 이런 경우가 비일비재하여 사용이 어려울정도입니다. 요즘 가벼우면서도 ui ux가 직관적인 금융 어플이 많은데... 이정도로 무겁고 복잡한걸 감수하면서 쓸 이유가 있을까 싶네요.
32,33,20220917,2022,09,17,1,WIN KOREA (HAZCK),재설치했더니 자꾸 VPN이나 와이파이를 끄고 가입하라고 나와요 로그인해도 다른페이지 들어가면 로그아웃 되어버리고 자꾸 가입하라고 나오는데요 카드도 사용중인데 왜 자꾸 가입하라고 하는지 모르겠어요 타사 앱들은 와이파이를 사용해도 이용 가능한데 말이죠 사상 최고로 불편합니다
33,34,20220812,2022,08,12,1,얼음별,앱카드 결제요청하면 '내손안의 금융플랫폼' 화면이 뜨고 어떤 버튼으로도 결재화면으로 연동이 안됩니다. 업데이트 전에도 앱카드 결제 창 안뜬 경우는 많긴 했는데 이번에는 최악이네요. 왜 업데이트할때마다 성능이 퇴보하나요? 사용자 후기는 읽어보시는건지... 오랜기간 메인 카드로 사용중이라 안타깝네요.
34,35,20220712,2022,07,12,1,윤짱군,신한플레이가 안드로이드에 최적화되어있지않다고 나오면서 문구가 사라지기전까지 스마트폰의 화면이 먹통이됩니다. 최근 업데이트후에 수정이 된건가했더니만 며칠 괜찮다가 같은 현상이 발생합니다. 리뉴얼전엔 좋았는데 간편하고 쉽게 보던걸 이것저것 많이 집어넣고 어렵게 보게하더니 여러모로 문제가 많네요. 이런 망한 리뉴얼은 왜하신건지..? 문제점이 발견되면 빠른조치를 취하시던가.. 카드앱중에 최악이네요. 너무 불편합니다. 이걸 안쓸수도없고.. 어휴..
35,36,20220720,2022,07,20,1,J주니,"별 하나도 아깝습니다. 신한은행,카드를 계속 사용중이라 이용은하고있지만 삭제해버리고싶은 마음이 굴뚝같아요. 이앱때문에 폰전체가 느려지고 배터리도 빨리 닳고 짜증납니다. 최적화되어있지않아 터치가 안된다는 문구나 뜨게 하는 어플이 뭐가 필요할까요. 같은 리뷰가 잔뜩인데도 대책도 없고 업데이트도 안 하고 뭐하는 건지 모르겠습니다. 빨리 개선 좀 해주세요."
36,37,20220719,2022,07,19,1,엣지,신한플레이 설치 후 휴대폰이 많이 느려지고 수시로 2초정도 멈춤 증상이 있습니다 또 배터리가 너무 빨리 닳길래 확인해보니 백그라운드에서 신한플레이가 계속 실행 중이네요? 그래서 신한플레이때문에 휴대폰이 느려지고 멈췄던 것 같아서 어플을 지우니까 배터리도 빨리 안닳고 휴대폰 속도도 정상적으로 돌아왔습니다 멈춤증상도 없어졌구요 개선이 필요할 것 같습니다 고쳐질때까지는 필요할 때 잠시 설치했다가 지워야겠네요 기종 갤럭시s20 울트라입니다
37,38,20220821,2022,08,21,1,Ingyu Kim,"이거 나만 이러나? 신한플래이 앱실행 > 신한플러스 버튼(오른쪽하단) > 매일매일출첵(상단 배너 중) > 자세히보기(젤 하단) 이러면 신한플래이앱 사라지면서 먹통됨, 가끔 10초정도 기다리면 이벤트 페이지로 넘어갈 때도 있음(이땐 신한플래이앱은 종료되어서 다시 못돌아감, 다시 실행해야함)"
38,39,20220820,2022,08,20,1,Sophiea Kwon,은행앱중 제일 자주 다운됩니다. 요즘 자주먹통에~ 속도도느리고 개선이 시급해보입니다. 불필요한 기능을 많이넣어서그런지 사용자입장에서는 상당히 사용하기불편하고 인내심을 필요로합니다. 언제까지 참고 쓸수있을지 모르겠으나 빠른시일내에 개선이없다면 불편을감수하고 거래은행을 옮기는것도 고려중입니다.
39,40,20220725,2022,07,25,1,Joan Choi,초기화면 최적화 좀 해주세요 결제 버튼 누르기까지 앱 구동시간이 너무 깁니다. 앱 켰을때 광고 30일 동안 보지 않기 눌러도 다음에 또 나오고 광고 닫는 x 버튼이라도 좀 크게 만들던지 조막만해서 한번에 눌러지지도 않고 암튼 이 앱으로 결제하려면 너무 오래걸려서 쓰기 답답합니다
40,41,20220729,2022,07,29,1,박해진,진짜 왠만하면 리뷰 안남기는데 사용하면서 너무 열받아서 남겨요. 간편비밀번호 많이 틀려서 앰잠금이 되서 앰잠금해제를 할려고 정보입력다하고 카드정보 입력까지하면 그 화면에서 몇십분을 넘어가질 않아요. 그게 몇번이 반복되서 결국엔 앱을 지웠다가 다시 깔았구요. 주거래 은행과카드가 신한이라서 쓸일이 많은데 이러니 너무 불편하네요.
41,42,20220717,2022,07,17,1,Iqeeyhc Flower,아 짜증나. 온라인 결제가 안되잖아요!!!! 앱 결제 누르면 왜 자꾸 로그인 해야되고 그냥 카드화면 뜨고. 결제 다시 시작해야 하고 결국 결제는 못하고 도돌이. 아오. 복잡하고. 합치려면 간결하게 합치던가. 이게 뭡니까. 온라인에서 구매를 못하고 있잖아요 !!!! 난 지금까지 신한만 썼는데. 진정 갈아타야 할 때인가????
42,43,20220726,2022,07,26,1,Gyusik Shin,"주력으로 사용하는 카드라 이 앱을 애용하고 있었는데요, 휴대폰 배터리 잡아먹는 괴물이예요. 요즘 배터리 소모가 너무 빨라서 점검받으러 갔더니 이 앱 하나가 배터리를 24%나 사용하고 있네요. 이거 수정하지 않으면 이 앱 다시는 안쓰겠습니다. 참고로 갤럭시노트 9에서 사용중이었습니다. 신한카드는 앱 관리를 안하시나요? 앱을 다시 설치해 볼까 했는데, 본인인증 한 차례 끝나고 나서 (고객님의 정확한 통신사 가입정보 확인을 위해 휴대폰 본인인증을 추가 진행합니다) 라고 뜨고 다시한 번 본인인증 과정을 진행하는데 인증번호를 입력해 주세요 하고는 3분 타이머가 실행됩니다. 어떻게 인증번호를 알아내야 하는지 문자도 없고 아무 안내도 없이 3분 지나면 끝..... 이거 문의할 방법도 없고....."
43,44,20220729,2022,07,29,1,서그라나,신한플레이앱 때문에 매우 불편합니다!! 폰 사용시마다 신한플레앱이 안드로이드에 최적화 되지않았다고 하며 폰을 사용할수가 없습니다. 앱을 삭제해야할것 같네요ㅠ 기존 신한카드앱을 다시 설치해서 써야할듯. 같은 불편을 호소소하시는분이 많은데 하루빨리 편히 사용되게 신경많이 써주세요!!
44,45,20220716,2022,07,16,1,amyshin1,사용하는 카드 때문에 어쩔수없이 사용하는데..하..뭐만 하려고하면 여기저기 찾아봐야해요. 한번에 쓱 들어갔으면 좋겠는데 숨은그림 찾기도 아니고..복잡하고 사용하기 무지 불편합니다. 예전이 백배더 나았어요. 제발 필요없는 컨텐츠는 버리고 꼭 필요한것만 바로 들어가서 쓰기편하게 직관적으로 좀 바꿔요. 진짜 쓰다보면 혈압올라요.
45,46,20220808,2022,08,08,3,김대홍,요즘에는 결재를 위한 지문확인도 느려 편의점에서 결재하려면 5분정도 걸리네요..이벤트도 바로 넘어가지 않고 한참동안 랙걸리고 그러는 군요.. 뒷사람 미안해서 삼성페이로 결재하는 경우가 많아지고 있어요... 반성좀하시고 서비스속도 개선을 위한 노력좀 신속히 진행하기 바랍니다..
46,47,20220717,2022,07,17,1,Maitai Liu,"한마디로 쓰레기앱이군요. 지문인식 로그인 누르자마자, 계속 실패만 뜹니다.(코드 249?) 계속 사라지지않고 누르면 또 뜨고 손가락이 지문인식 근처도 못갔는데 말이죠 어느 개발사에서 관리하는지 모르겠지만 주 사용카드를 다른카드로 바꾸게 만들어주는 진성 쓰레기회사네요. 감사합니다. 별하나도 주는게 아깝지만 글을 쓰자니 억지로 별 한개 줍니다."
47,48,20220730,2022,07,30,1,서린,신한플레이를 실행하면 가입하라고 뜹니다. 가입을 하기 위해 와이파이를 해제하고 가입 버튼을 누르면 하얀색으로 화면이 바뀌며 그 상태로 진행이 안 됩니다.. 그래서 인터넷으로 쇼핑도 못하는 상황이 되었고 인터넷으론 카드가 무용지물이 되어버렸습니다. 빨리 고쳐주세요!!
48,49,20220807,2022,08,07,1,CO CO,언젠가부터 개편한답시고 바뀌고나서 초기페이지 로딩 구려지고 로딩끝날때까지 광고팝업창 버튼도 못눌리게 바뀜 무엇보다 빡치는건 신한플레이 지문인증까지 다 해놓고 자동이체 되나싶으면 초기화면으로 돌아간다는것 두번을 그짓거리해야 비로소 되니 개짜증남 이에 대해서 메일 보냈는데 읽씹당하고 안드11문제인가해서 안드12올려도 똑같고 애초에 신한플레이 인증이 쓸데없이 절차가 개 길고 무의미한게 많은데 현대카드 반만이라도 배웠으면? 구 신한카드앱이 훨 빠르고 인증도 훨 간편함 근데 왜 종료시키는건데 어이없다
49,50,20220715,2022,07,15,1,한이쁨,지금까지 너무나 잘사용해왔기에 더 불편한 것 같아요 업댓 후 화면이 검정색으로 바뀌며 계속 에러가납니다 앱을 열 때 뿐만 아니라 결재하려고 할때도 마찬가지.. 온라인쇼핑몰은 모두 신한이랑 연동되어있어서 다시 다른카드사로 등록하고 결재하느라 혼났네요..
50,51,20220809,2022,08,09,1,Heuijoon Park,최악의 신한 플레이 앱! 오래 기다리던 상품의 잠깐 열린 재입고 알림에 바로 구매를 진행하다가 신한카드 결제 위한 신한 플레이앱에서 버그로 몇번을 막혀서 결국에는 구매를 실패하게 되었네요. 고객들의 결제 위한 카드앱 하나도 제대로 운영 못하면서 이런 피해를 고객들에게 입히는지 참으로 한심스럽네요.
51,52,20220721,2022,07,21,1,puresmile Life,"앱을 기기변경한 새 폰에 설치하여 사용하려는데, 이전 폰에서 사용하던 앱을 사용할 수가 없네요. 가입을 다시 하려 하면 마지막 휴대폰 본인 확인 절차에서 인증번호가 전송되지 않고, 공인인증서 등록하고 나선 다시 앱을 들어가면 사라져 있습니다. 카드홈에서 간편번호 등록하여 로그인했다 다시 앱을 들어가면 또 사라져 있구요. 해결방법이 없을지요?"
52,53,20220808,2022,08,08,1,Seungduk Kim,"최대한 원가 절감 해서 외주 맡기신게 너무 눈에 보입니다. 앱 만드는데 돈을 좀 써주세요. 본인인증을 했는데 또 본인인증 절차가 필요하다고 하고, 이름 입력 하려고 하면 글자가 중복되고, 한 번 오류가 발생하면 더 이상 다음으로 진행이 안되고, 문제가 한 두 가지가 아닙니다. 그리고 제일 중요한 부분은 다른 앱 모니터링 하는 권한을 허용 안 하면 쓸 수가 없다는 점입니다. 선택인 것처럼 안내하지만 허용 안하면 앱이 죽어버리는데 강제가 아닌가요?"
53,54,20220729,2022,07,29,1,수수,"어플깔러 오셨나요? 모바일 결제 안되니까 신한카드 로그인하고 결제 반복하지 마시고 그냥 다른 결제쓰세요. 한달이 넘도록 신한카드로 모바일결제를 못썼어요. 카드는 신한카드만 써왔는데, 이때인가봐요 바꿀 시기가. 진짜 더이상은 못쓰겠어요. 모바일결제 기능이 없어지다시피 될줄알았으면 애초에 신한은행은 쓰지 않는건데.. 카드사 환승합니다. 다른 쇼핑사이트에서 신한카드로 결제할때 신한 판 너무 잘썼는데 이 앱으로 켜지고 나서 부터는 결제앱이 안열려요 진짜... 쇼핑사이트가 문제려니 했는데 다른데서도 똑같아요 결제요청 누르면 화면이 살짝 검은색으로 필터 낀것처럼 변하고 그 상태에서 안넘어가요 너무너무너무 불편해요"
54,55,20220821,2022,08,21,1,후니.,와... 이렇게 어렵고 까다로운 앱은 처음이다. 사용자에 맞게 만든게 아니라 개발자가 그냥 자기 마음대로 만든 앱 같다. 카드 알림설정 하나 바꾸는데도 메뉴를 찾기 어렵고 일일이 검색해서 들어가도 그것마져 까다롭고.... 요즘 금융앱들 정말 직관적으로 잘만들어서 나오는데 이 앱은 사용자들이 이용하지 말라고 만든앱 같다. 카드를 분실 후 새로 발급받아서 앱에서 볼려고 하니 자동으로 내카드로 등록되어서 보여지는것도 아니고 카드 추가등록하는 방법도 찾아 들어가야 하니 이 또한 너무 불편하다 앱 리뷰 잘 안적는데 이앱은 진짜 너무 할 정도다..
55,56,20220822,2022,08,22,1,Polo,광고가 안나와서 게임 오락실 실행이 안되잖아 개짜증나네 1.이벤트가 여기 저기 흩어져있고 진행중인 이벤트도 갑자기 사라짐 2.만보걷기 알림 껐다 다시 켰는데 알림창에 다시 안나타나는 버그 3. 게임시작을 11시 59분에 했으면 전날 한걸로 쳐야지 다음날 한걸로 인식하면 어떡하나요? 기본 상식이 없나..
56,57,20220724,2022,07,24,1,brillsmile,"최근 리뷰처럼 신한플레이 앱이 최적화되어있지 않다는 메시지와 함께 터치 화면이 꽤 오래 freeze되는데, 아무런 수정조치가 없네요. 빨리 원복 요청드립니다. 수정없이 계속 이러면 앱를 삭제할 수 밖에 없잖아요"
57,58,20220901,2022,09,01,1,우리,카드이용내역을 꽁꽁 숨겨놓은 앱 개발자 디자인하시는분이 이앱 사용해보신적 있는지 묻고싶네요 카드앱의 기본메뉴는 숨겨놓고 결제기능만 강화시킨 앱이라 너무 불편함 솔직히 결제는 삼성페이쓰는 편이라 이걸로는 한번도 결제안해봤는데 주메뉴가 결제만 있네요 아무리 결제가 기반이더라도 카드이용내역 합계 이런거 보려면 한참을 찾아야해요 신한카드앱도 깔아봤는데 비슷합니다 더군다나 10월 종료예정이라고 했고요 내가 자주쓰는 메뉴로 즐겨찾기가능한것도 아니고요 제발 한번만 고객입장에서 사용해보고 편리하게 바꿔주세요 솔직히 별1개도 아깝습니다
58,59,20220715,2022,07,15,1,민수,진짜 쓸데없이 보안에 과도하게 신경씀. 불필요한 수준. 카드번호를 못보거나 메뉴 찾기가 매우 어렵고 LTE환경에서만 결정 가능. 보안 높고 낮음은 과정이 복잡함으로 판단할 수 없음.. 고객편의성 고려좀 해줘요. DID 등
59,60,20220731,2022,07,31,1,hs s,왜 가입이 안되나요 제 테블릿은 휴대폰과 데이터를 핫스팟으로 연결해서 와이파이를 쓸수밖에 없는데 수십번을해도 왜 이렇게 만들었는지 이해할수가 없네요 보안때문이라는 답변만 남기면 그만입니까? 테블릿에서 쓸수없으면 신한카드어플을 없에지 말고 계속쓰게 해야합니다
60,61,20220802,2022,08,02,1,choco8927,"최근 업데이트 이후 안드로이드에 적합하지 않다며 터치, 버튼 인식이 되지않습니다. 잠금 해제시마다 해당 앱때문에 터치가 안된다는 팝업이 2번씩 매번 뜨니 여간 불편합니다. 보완해주세요."
61,62,20220813,2022,08,13,1,Evan lee,신한 페이 만들어 놓으면 뭐하나요? 결제요청 화면에서 넘어가질 않는데.. 기본적인 결제 페이지도 못넘어가는데 페이는 뭐하러 만들어놓나요.. 신한에서 만든 어플인데 기본적인 결제 화면 넘어가는 것도 제대로 해결 안해놓고 왜만들어놓은건지 노이해.. 신한플레이 결제 하다가 화면 안넘어가서 개답답.. 대기업에서 만든 어플인데 이정도도 확인안하고 만드는게 진심 노답인듯..
62,63,20220803,2022,08,03,5,수정,할부금액 내맘대로 금액 정해서 납부가능 하도록 요청사항이 개선되어 좋습니다~칭찬하려고 리뷰 수정합니다^^ +다음 개선이 되었으면 하는 부분은 할부납부 하려고 금액 넣고 확인이 아닌 뒤로가기를 눌렀을 때 앱종료하시겠습니까?로 나와서 앱종료가 되더라구요 앱종료보단 앱홈화면으로 되돌아 갈 수 있다면 다른분들도 더 편리하게 사용하지 않을까 싶습니다 가능하다면 이부분 개선되면 좋겠네요
63,64,20220727,2022,07,27,1,ja c,진짜..리뷰같은거댓글같은거잘안쓰는데....이앱은 뭐조? 폰을 바꿔서 다시깔았는데...가입하기부터 와이파이끄고하라해..전화로 번호입력하는 인증을 방금했는데..했다구요..번호두자리..근데 정확한 인증을 위햏 ㅜ대폰인증 또한데요..방금했다구옷..ㅜㅜ 실컷 전화인증 두번 했는데..카드를 차에두고와서없는데 결국엔 카드없으면 인증안되서가입불가..나 왜 두번이나 휴대폰 인증한거지?? 좋아요...카드 간만에 찾아와서 하려니 앱업데이트 안하면 안된데요...와.왠만한 카드사엡다있는데 이건 최고봉이에요...쓰지말라는앱같아요...
64,65,20220719,2022,07,19,1,배워서하자,많이 불편함. 월별 이용내역 등 사용자들이 자주 찾는 메뉴는 있지도 않고 쓸데없이 난잡함. 예전 신한 판앱이 훨씬 직관적이고 사용하기 좋았음. 플레이로 바뀌고 나서 매우 불편함. 별 1개도 아까움.
65,66,20220822,2022,08,22,1,김소은,(구)신한카드 어플 서비스가 곧 종료 된다고 신한플레이로 변경해야 한다더니 정확한 방법은 안 알려주셔서 모르는데 신한플레이 어플 로그인을 기존의 (구)신한카드 어플에서 사용했던 아이디와 비밀번호를 사용하여 신한플레이를 사용할 수 있는 방법은 없는 걸까요? 아니면 계속 (구)신한카드 어플 서비스를 사용할 수 있게 해주시면 좋겠어요.....
66,67,20220830,2022,08,30,1,Tyche Pilwite,"1. 카드 비빌번호 틀린적이 한번도 없는데 등록하자 마자 3회 오류라고 정지되었습니다. 이거 풀려면 또 귀찮게 한참걸리겠네요. 2. 신한 관련 앱들 마다 각각 회원가입을 몇번이나 하는지 모르겠네요. 신한 아이디만 5개쯤 만들어야합니까? 3. 앱 디자인이 불편합니다. 뭐가 어디있는지도 모르겠고, 이런 앱이 왜 필요한지도 모르겠습니다. 기존의 잘 쓰던 앱들 없애고 만든 이게 오히려 더 불편하네요."
67,68,20220731,2022,07,31,1,자유시간,한숨나와요. 속도도 엄청 느려지고 홈화면에는 필요없는 메뉴만 즐비하고 정작 카드관련 메뉴는 맨뒤에 숨겨놓고 플레이 비번은 또 왜넣으라는건지.. 정말 사용하기 싫어집니다. 옛날로 돌려놓으세요
68,69,20220805,2022,08,05,1,Daniel Choi,로딩시간이 너무 김. 그래서 나머지 앱기능들을 찾아보기도 전에 인내심에 한계로 앱을 종료해버리게 됨. 데이터도 많이 먹는것 같음. 당장 삭제하고 싶은 앱중에 하나지만 어쩔없이 웹로그인을 위해서 씀T.T
69,70,20220729,2022,07,29,1,전토독,뭐가 문젠지 휴대폰 터치가 아예 안됩니다 업데이트라도 해야하나해서 보면 그런것도 아니고 빨리 처리해주세요 너무 불편해요 아무런 터치도 안먹힙니다 덕분에 선착으로 신청해야하는 알림이 와도 바로 들어가지도 못하고 있습니다 휴대폰화면을 계속 켜둘수도 없는 노릇이고 너무 스트레스 받아요 그리고 평소에도 앱이 진짜 너무 느려요
70,71,20220803,2022,08,03,2,김종일,앱이 너무 무겁다. 마이샵이나 쿠폰 등의 메뉴를 클릭하면 로딩이 너무 오래 걸려 짜증이 난다. 앱 사용을 불편하게 하여 혜택을 못받게 할려는가 보다..제발 불필요한 기능을 삭제하여주길 바란다.
71,72,20220929,2022,09,29,3,도토리,업데이트가 누군가에겐 불편해질수 있는부분이라 기존버전이 익숙해서 그대로 쓰고싶어요. 뭐든 자주바뀌면 불편해서 큰틀은 그대로 두고 보안적인측면만 좀더 탄탄하게 업데이트되서 이용하면 좋겠습니다.
72,73,20220806,2022,08,06,1,신호현,잘 사용하다가 앱 버그 오류로 결제가 안돼요. 시간이 지나면 해결될줄 알았는데 여전히 해결 안하시네요. 개발자가 수정분을 빨리 업댓해야죠. 앱 삭제후 재가입 하려했더니 와이파이 끄고 하래요. 난 와이파이 환경에서만 되는데 어떡하라구요?
73,74,20220715,2022,07,15,1,JiEun Choi,어플이 쓸데없이 메뉴 이동시마다 로그인하게 만들더니 이제는 아무리 눌러도 특정 메뉴는 넘어가지도 않아요.. 진지하게 주거래 은행 및 카드를 바꿀 것을 고민해 봐야겠어요 카드 어플에 쓸데없는것 넣지 말고 결제 내역 확인이라도 제대로 하게 해주세요 고객센터에 전화했더니 앵무새처럼 삭제 후 다시 깔거나 핸드폰을 껐다 켜라고만 ㅋㅋㅋㅋㅋ
74,75,20220828,2022,08,28,1,Jacob Lee,"기존 신한카드 앱 사용중인데, 10월부터 신한플레이만 사용가능하다는 팝업확인하고 사용하려했는데, 공동인증/아이디/간편비번등 이 안됩니다. 본인폰이 없으면 가입불가능한가요? (법인폰이나 가족폰사용자의경우) 또한 만약 가입이 불가능하다면, 기존 사용자는 신한카드앱 사용 못 하는건가요?? 이미 사용하고 있는 기능들 사용 할 수 있도록 조치해주세요."
75,76,20220725,2022,07,25,1,with us,저도 아래 분과 마찬가지로 좋든 싫든 평가 거의 안하는데 남깁니다. 일단 간편비밀번호 안 맞다고 계속 틀린거라고 뜨는데 대체 맞게한건데도 왜그런가요? 또한 저 같은 경우는 선결제로 금액 미루지 않고 쌓이면 모있다가 바로바로 결제하는 타입입니다. 결제 하려고 지금 열흘정도로 텀을 두고 몇 번을 들어와봐도 개선이 하니도 안 되어있고 처리가 지연되어 죄송하다. 고객센터에 문의해라. 요런 내용만 수차례 나옵니다. 언제 개선될까요? 다음달까지이러면 신한카드 유지가 힘들 것 같습니다..
76,77,20220719,2022,07,19,1,수테라피,중국에서 살고있는 재외국민인데 휴대폰 바꾸면서 앱을 깔려고 하는데 신한 플레이 가입시 ARS전화가 오지를 않아 가입을 못하고 있네요 이런 인증되는 것들이 많아 한국폰 로밍해서 쓰고 있는데요 다른 인증방법도 없고.. 고객센터 연락해서 오랫동안 기다려 상담원과 통화했는데 상담원도 잘 모르시는듯ㅜㅜ 해외통화료만 폭탄맞게 생겼어요. 다른 국민카드 앱은. 가입도 잘 되던데.. 신한카드 쓰지 말라는건가요
77,78,20220903,2022,09,03,1,JE Monica C,와이파이 아니면 아예 어플을 사용하지 않는데 와이파이를 끄라니요? 데이터비 신한앱에서 내주나요? 타 후기를 봐도 어플에 계속 문제가 많은 것 같은데 조속한 해결 바랍니다. 앱 때문에 온라인으로 사야하는 물건 구입 자체가 불가한 상황이네요.
78,79,20220824,2022,08,24,1,윤재영,너무 정리가 안되보이는것 처럼 너저분함. 자주 쓰는 메뉴가 아니고 무분별하게 너무 쓸모없는 메뉴가 많아서 느려보이는것 같기도 합니다 그냥 그 전에 따로 따로 어플쓰지 뭣하러 복잡하게 합쳐논건지.......
79,80,20220513,2022,05,13,2,JEONGWON MOON,주 사용카드라 신한플레이 많이 쓰는데 업데이트 할 수록 앱이 너무 느려요. 로딩 속도도 한참 걸리고요. 하나의 앱에서 다 할 수 있는건 좋지만 이렇게 앱 속도가 느려서야...그리고 어떤 페이지 들어가면 메인으로 이동이 안되고 뒤로가기해도 그 페이지에 그대로 있어요. 닫기 버튼도 없고요. 이벤트 페이지 였던것 같은데 앱 로딩 속도 좀 개선해주세요
80,81,20220629,2022,06,29,1,Tomato Oh0,앱이 바뀌게 되면서 전에 쓰던 기능들이 사라졌네요. 이전 기능들이 필요할 경우 인터넷에 접속해서 사용합니다. 또한 사용하지않을 UI를 전면에 배치한건 이해가 좀 안됩니다. (마이카? 타로점?) 특히 카드홈 기능이 숨겨져있어서 어플 매번켤때마다 뇌정지가 오고 눈이 막 돌아가는데 살짝 울렁거리기도 하네요. 감사합니다.
81,82,20220726,2022,07,26,1,문형진,갤럭시 사용자인데 너무 느리고 백그라운드 배터리 소모가 너무 심합니다. 신한카드가 주 카드라 사용안할 수도 없고 스트레스가 너무 커요. 벌써 몇 달째 인지하고 있고 개선 예정이라는 답변만 달면서 수정을 못하면 앱 개발자 당장 바꾸는게 좋겠네요. 제2금융권 앱도 아니고 기업 이미지 깎아 먹고 있어요.
82,83,20220609,2022,06,09,1,MoonAn Renthouse,기존에 잘 사용하던걸 바꿔놓고 어떤 안내도없이 사용자가 어렵게 찾아 사용하게 만들어 놨네. 예전엔 지문인식으로 바로 되던게 왜? 다른방식으로.. 지문인식으로.. 찾아 내가 직접 두번이나 눌러야 로그인을 할수 있는지.. 이런거 알고나 있는지. 차라리 이럴정도면 우편으로 받던 고지서가 더 친절한듯.. 뭔가 의문이나 문제생기면 앱에선 해결못하고 결국전화돌려야 해결 가능하고. 내가 가지고있는 보너스나 마일리지 찾으려면 메뉴 한참 눌러야하고.. 옛날 종이고지서보다 나아진게 뭔지 모르겠네.. 차라리 옛날 종이고지서 양식을 PDF로 고지하는게 어떨지 ㅎㅎㅎ
83,84,20220730,2022,07,30,1,정혜윤,폰 산지 얼마 안됬는데 배터리가 너무 빨리 달아서 AS센터 가니까 신한플레이 앱이 문제네요. 사용하지 않을때도 배터리를 엄청 많이 소모합니다. 배터리 광탈때문에 앱 지웠다가 깔아보라는데 삭제했다가 다시 깔아도 여전히 배터리 소모량이 크네요 . 빠른 개선 조치 부탁드립니다.
84,85,20220825,2022,08,25,1,Jin Lim,앱이 개판임.카드메뉴 어디갔음? 해외결제 차단해제? 아무리 찾아두 없구 기존 카드메뉴포워딩은 에러가 뿜뿜.기존카드앱이라두 쓰게해주던지 10월이라며..다 플레이로 연결해놓구서는 안된다.내가지금 플레이에서 간편비밀번호를 세번째 등록했는데 매번 또 등록하라나온다.하.....미치겠네.
85,86,20220618,2022,06,18,1,Young-Rak Park,쓰레기임 성능도 수준미달이면서 욕심만 많은지 쓰지도 안는 컨텐츠만 잔뜩있어 정작 필요한 기능은 찾기 어려움.(기본좀 지킵시다) 핸드폰 교체로 앱을 재설치 했는데 문자로 오던 결재알림이 앱 알람으로 바뀜. 재설치 인데 기존 설정을 유지시켜줘야지 지들앱 더 사용시키겠다고 설정을 처음부터 다시 해야한다는게 소비자 기만으로 보임 카드 해킹문제부터 해서 기본부터 지키시길
86,87,20220803,2022,08,03,1,배영제,앱이 많이 느리고.. 흰화면에서 멈추어 있습니다. 강제종료하면 대기중 응답없이 없다고 나오고요. 어플 구성도 그지같은데 멈추기 까지 하니 짜증이 많이 발생합니다. 신한카드가 주로 쓰고 vip인데 전에것.. 판이 더 편햇습니다. 만들다 검수도 안한것을 내놓고 짜증나네요
87,88,20220916,2022,09,16,1,Arsene Lupin,해외 체류중 앱이 이상한 것 같아서 삭제후 재설치 했는데 로그인 할 수 있는 방법이 없음. 와이파이 로긴을 막아놔서 이용불가임. 도대체 이런 경우는 어쩌라는건지 대책을 마련하고 말던가 해야지.. 정말 노답이다.. 국내 은행 카드사 앱이 최악이지만 이건 정말 최악임.
88,89,20220530,2022,05,30,1,Sua Kang,집 와이파이로 왜 안되는지 공공와이파이도 아닌데 와이파이 다 막아놓는건 너무한것 같네요. 그 정도로 보안시스템에 자신이 없나봐요. 그리고 이미 가입해 있는 상태인데 강제 로그아웃 됐고 로그인 선택도 없이 무조건 데이터 이용해서 가입하게끔 밖에 창이 안뜨는건 어이없네요. 해결될때까지 사용안하려 합니다.
89,90,20220627,2022,06,27,1,인용성,앱이 배터리 잡아먹는 귀신 입니다. 배터리가 많이 소모되어 확인해 보니 혼자서 소모량의 절반을 날려먹고 있습니다. 더군다나 아침에 완충 후 앱을 사용한 적도 없습니다. 백그라운드에서 절전모드로 들어가야 되는데 혼자서 메모리를 200 m 이상을 사용하고 있네요. 데이터 사용량은 얼마 되지도 않는데 메모리는 왜 저렇게 많이 사용하는지 모르겠습니다. 어쩔수 없이 사용하고 있는데 주거래은행을 바뀌야 하나 라는 생각이 갑자기 드네요.
90,91,20220827,2022,08,27,1,이리라,와이파이로 가입되게 변경 안되나요? 신한카드 많이 써서 너무 잘 쓰고있었는데 폰 바꾸고 쓰려니 가입이 안되서 쓸수가 없어요! 앱카드 어플만 따로 만들어주던지 와이파이에서 가입되게 해주던지 변경좀 해주세요! 진짜 리뷰 잘 안쓰는데 일부러 들어와서 쓰고있어요ㅡㅡ 기존 가입자인데 왜 다시 가입하라고 하는건지 이해가 안가네요 .... 데이터 안쓰는 사람은 쓰지 말라는거죠?ㅡㅡ
91,92,20220608,2022,06,08,1,Sang-geol Lee,노트10인데 진짜 미친듯이 버벅거리네요. 무슨 타 아키텍쳐앱 포팅해서 에뮬레이터 돌리는 줄.. 폰 문제인가 싶어 초기화 후 테스트해봐도 너무 버벅거리고 이 앱만 실행하면 발열도 심하네요. 버그가 심한 것 같은데 무슨 문제인지요. 신한 플레이만 실행하면 버벅거리고 뜨거워져서 불쾌하고 찝찝한 기분.
92,93,20220703,2022,07,03,1,김소연,앱 업데이트되고 너무 무거워지고 잘 멈춰요 배터리가 광탈이라 서비스센터에 배터리 교체하러 갔었어요. 배터리 소모된 앱을 보는데 신한플레이 지분이 미쳤더라구요...? 배터리 교환해도 별 차도 없을거래여 신한플레이 때문에요^^.. 그동안 보조배터리 챙겨다니고 불편한게 많았는데 신한플레이 때문이었어요. 발열도 심하고 신한플러스 이런데는 들어가지지도 않을때가 많고. 안쓸수도 없는데 문제를 인식하고 계시면 개발업체에 말해서 개선을 하세요 ㅋㅋㅋㅋ 무슨 앱을 이따위로 만들어놨어......ㅡㅡ
93,94,20220527,2022,05,27,1,임태규,이거 앱에서 모바일 카드로 결재하는거 뜨는 속도가 너무 느려서 못쓰겠어요.. 그래도 나름 궁여지책으로 빨리 뜨게 해보려고 엣지 패널에 카드 표시하도록 설정해놨더니... 앱 사용을 한번도 안했는데도 불구하고 전체 베터리 사용의 80퍼센터나 미친듯이 잡아먹더라고요. 배터리가 줄줄 새는데 이런건 테스트해보셨어야죠... 문제는 엣지패널 써도 그마저도 빨리뜨는것도 아니고.. 이거 불편해서 쓸수가 없네요..
94,95,20220619,2022,06,19,1,최민선,"즉시결제하려는데 신한플레이 인증하라고 떠서 간편비밀번호 입력하면 계속 틀리다고 하고(설정한적 없는거 같은데 비밀번호 찾기, 설정 메뉴도 안보이고) 공동인증서 인증하려고 하면 계속 오류만 뜨네요. 그러고는 인증대기 시간 초과 뜨며 튕겨요. 그냥 신한카드 어플로 다시 설치해서 처리했네요. 그리고 어떤 메뉴에서나 뒤로가기 누르면 어플 종료할꺼냐고 뜹니다."
95,96,20220711,2022,07,11,1,Yeonmi Jang,별1개도 아까워요 요즘 갑자기 신한플레이를 거치는 모든 결제가 안 돼요. 결제하고 지문인식후 쇼핑몰 돌아간다는 팝업 확인 누르면 쇼핑앱이나 웹 메인으로 가있어요. 조금전도 11번가 결제 10번 결제실패하고 핫딜 다 놓쳤어요. 업뎃마다 무겁고 버그 많고 정말 갈수록 개악입니다.
96,97,20220717,2022,07,17,1,빵빵이,아 원래 신한카드 어플도 엄청 무겁고 버벅였는데 이건 더 심하네요. 쓸데없는 기능 빼고 어플 좀 가볍게 만들어주던가 다시 신한카드 어플 분리해주세요. +) 아니 이거 뭔데 백그라운드에서 혼자 몇날 며칠 돌아가 있는거에요? 배터리 이상하게 빨리 닳는다 했더니 이게 백그라운드에서 실행되면서 배터리 다 갉아 먹고 있네요.
97,98,20220828,2022,08,28,1,박딸,"이것저것 할거있어서 계속 접속해서 사용 중이었는데 왜 자꾸 10분이상 동작이 없었다는 팝업 뜨면서 강제 로그아웃 시키죠? 진짜 안써서 로그아웃 시키면 몰라도 계속 사용 중이었는데요. 어플이라도 빠릿빠릿하면 말도 안할텐데, 이런 속터지는 어플 다시 로그인해서 쓰던 메뉴 들어가려면 얼마나 짜증나는지 알아요? 쓰던 사람 강제 로그아웃 시키지 마세요"
98,99,20220710,2022,07,10,2,김동빈,앱 UI개선이 절실해 보입니다 모든 카드사 통틀어서 역대급으로 복잡하고 사용 편의성이 떨어집니다 일부러 이벤트 참여 못하게 하고 쿠폰 못 받게 하려는 목적이라면 성공하신건데 그게 아니라면 진심 망작입니다 어디선가 이벤트를 봤던 기억이 있어 다시 찾으려고 하면 카드홈으로 찾아가서 혜택가서 이벤트 전체 뒤져보다가 TOPS CLUB도 찾아보고 도대체 다 같은 이벤트인데 왜이리 쪼개서 넣어놓은건지 진심 어플때문에 신한카드 쓰기 싫어질 정도입니다
99,100,20220709,2022,07,09,1,HYESUN HAN,별하나도 아깝습니다. 업데이트를 할수록 쓸 수가 없습니다. 매번 먹통에 메뉴는 찾을 수도 없고 배터리는 엄청 먹고... 이렇게 만들어놓고 신한카드앱은 곧 중단하고 플레이로 통합한다니 무슨 생각인지모르겠네요. 그냥 업데이트 전으로 돌려주세요.
100,101,20220610,2022,06,10,1,Luis Lee,메뉴 구성에 연관성이 없어 필요한거 찾으려면 다 열어보면서 찾아야 함. 간편본인인증 메뉴찾는데 수십분 걸림. 뒤로 이동하면 이전 페이지의 내용이나 메뉴가 나와야 하는데 뜬금없이 종료할지 물어보는 경우 많음. 씨티카드 욕하면서 쓰다가 신한카드로 옮겼는데 이건 더 심함.
101,102,20220803,2022,08,03,1,12 G,얼마전부터 신형폰인데 인터넷도 잘못잡고 버벅거려서 업데이트 문제인줄 알고 삼성 서비스 센터 갔더니 신한앱이 문제라고 삭제하길 권장하더구요...필수 앱이 였는데 너무 불편해서 삭제 했더니 세상 핸드폰이 이렇게 빠르고 오래가고 신형으로 다시돌아왔구나 느꼈습니다...신한 이 앱은 실패작인거 같아요...삼성에서 삭제를 권장하다니...
102,103,20220517,2022,05,17,3,이중수,신한play에서 터치결제를 할때마다 nfc설정을 on으로 하라는 메시지가 뜹니다. Nfc설정을 on으로 변경하고 터치결제를 다시 시도하면 결제가 되지않고 또다시 nfc설정 on으로 하라는 메시지가 반복해서 뜹니다. 현재 터치결제는 안되고 바코드결제가 되는 가맹점에서만 바코드로 신한페이를 사용하고 있습니다. 무슨 문제인지요?
103,104,20220620,2022,06,20,1,하늘꽃,"대중교통 이용 시 갑자기 갤럭시 휴대폰의 티머니(삼성페이)가 먹통이 되었습니다. 지하철이나 버스 터치패드에 갖다대니 티머니와 삼성페이 중 선택하라는 이상한 메시지도 나왔구요. (바쁜 출근길 뒷사람들에게 정말 미안 ㅜ ㅜ) 며칠을 고생,고민하다 어떤 블로그에서 본 대로 다른 건 그대로 놔두고 신한플레이 앱을 삭제했더니 다시 원래대로 정상 작동되기 시작했습니다. 이 쓰레기 같은 앱이 심지어 다른 앱을 공격하고 방해하기도 한다는 신세계를 알게 해주셔서 감사합니다. 다시는 이 앱을 깔 일은 없을 겁니다. 미치지 않고서야...(나는 그런 적 없는뒈 하시는 분들...네, 앞으로 좋은 경험하실 겁니다)"
104,105,20220626,2022,06,26,1,박인덕,"카드분실신고 해제하려고 깔았는데, 메뉴 찾기도 힘들고 인증단계도 하나카드는 간단히 되는데 이건 왜이리 복잡한지... 분실신고한 카드 이용내역이 있는지 보려고 마이메뉴에 들어갔더니 결재대금만 떠서 다른 경로를 타고 들어가려 했더니, 왜이리 복잡? 뭘 눌러도 일차로 나오는 건 신규카드발급신청화면만 나오니, 고객이 이용하기 편리하게 만든 앱이 아니라 고객에게 카드발급종용하고 쓴 돈 빨리내라고 독촉하기 위해 만든 앱으로 보인다. 하나카드앱에 들어가서 좀 배워라."
105,106,20220609,2022,06,09,1,Jone Jay,신한카드 앱이 신한플레이 앱으로 통합됐다고해서 신한플레이 앱으로 카드 메뉴를 여는데 화면 로딩 너무 오래 걸립니다 아직 최적화가 제대로 안 된 거 같은데 이럴 거면 기존의 신한카드 앱을 한동안 계속 쓰게 하고 개발 중이던 신한플레이는 제대로 최적화 하고난 다음에 올리시지 지금 플레이 앱이 너무 느려서 아예 못 쓰겠습니다.
106,107,20220602,2022,06,02,1,mayumi obinata (obinata),심한 버벅임! 잦은 오류! 오류 때문에 삭제 후 재설치했더니 (가족 명의 휴대폰이라) 본인 인증에 막혀 로그인조차 안 되는군요. 예전에는 디지털 취약 계층을 위해 카드 인증이나 방문 인증 등 대체 인증 방법이라도 제공했는데... 고객센터에 문의해 보니 보안 문제로 대체 인증을 막았다며 죄송하다고만 합니다. 이쪽은 명세서 확인이나 이용 내역 확인 등 기본 서비스조차 전혀 이용하지 못하고 있는데... 더구나 로그인이나 결제 시 와이파이를 종료해 달라는 구석기 시대급 안내 메시지 테러까지 당하고 나니 신한의 보안 수준이 이 정도밖에 안 되나 싶어 비웃음밖에 안 나옵니다. 보안 관련 사고 터질 때마다 고객 부주의라며 고객한테 전부 떠밀다가 기업 과실로 밝혀져야 겨우 내놓는 대책이 디지털 취약 계층의 사용을 완전히 막아 버리는 거라니... 정말 별 1점도 아깝네요! 어차피 이런 거에 신경 1도 안 쓸 신한이겠지만.
107,108,20220710,2022,07,10,1,이영미,아씨.. 앱좀 어떻게 해봐요.. 안드로이드에 최적화 되어있지 않는다는 메세지 나오면서 다른 어플 터치가 안되요.. 하루이틀 안되나보다 했는데 벌써 몇일째인지.. 핸드폰 사용 할때마다 혈압이 오르고있어요. 인간적으로 너무 짜증납니다. 빠른시일내에 개선 해주세요.!!!!!!!!!!!!!!!!!!!!!!!!!!!!
108,109,20220611,2022,06,11,1,Aristo Ha,신한카드 관리자에게 질의 하겠읍니다. 저는 몇달동안 해외에 나와있는데.. 이번달 초 갑자기 신한카드 옛 앱의 아이콘이 검정색으로 나오며 이 앱을 설치할것을 유도하기에 당연히 이앱을 설치했읍니다. 하지만 해외에서는 인증 할 방법이 없네요.. 난 지난 10년 아직까지 한번도 제가 사용하는 앱에대해 별 4개 이하를 준적이 없지만.. 이게 뭐야.. 더 발전 된 줄 알았더니 아주 뒷걸음쳤네요.. 불편함이 이건 별 하나도 안되네요.. 기존앱에서 어떻게 설치되는지 초기 전혀 설명도 없기에 괜히 기존앱 지웠다가 크게 후회하고 있읍니다..
109,110,20220520,2022,05,20,4,CHU PIE,리뷰수정 : 별한개도 아까웠던 기능들이 1년이 지나 재설치했더니 다시 됩니다 가입 잘했는데 약관동의서에서 필수 항목 제외한 나머지 선택부분을 너무 펼쳐놓아서 눈속임 조심들 하세요. 그거땜에 별 한개 아쉽쓰. 앞으로도 사용해봐야 알겠지만 UIUX 디자인은 깔끔한듯 그러나 저처럼 거의 처음 사용하는 사람들에겐 복잡해보여서 아쉽.
110,111,20220601,2022,06,01,5,방동우,디스커버에 올라오는 글들은 좋은 내용이 많습니다. 이벤트드 많이 하고 있고 포인트 적립도 나쁘지 않습니다. 다만 여러가지를 넣으려고 하다보니 구동이 좀 느린감이 있고 나눠놓은 카테고리가 좀 많아서 어디로 들어가야 하는지 좀 헷갈리기도 합니다. 좀 개선이 되었음 좋겠네요.
111,112,20220620,2022,06,20,5,김나린,송금.결제는 편리해서 좋아요 다만 앱을 사용할 때 비번을 여러번 눌러야 다른 이벤트에 접속할 수 있고 오류도 몇 번나고 심지어 3번만에 접속이 될 때도 있네요.. 앱화면이 처음 바뀌었을 때 적응이 잘 안되서 일주일정도 헷갈렸던 것 같은데 이제는 괜찮네요 다만 이벤트가 다양해서 참여하는 재미가 있고 무엇보다 BTS를 자주 볼 수 있어 너무 좋아요~ 앞으로도 신한플레이는 쭉 사용할 예정입니다
112,113,20220620,2022,06,20,1,일희일비,왜 로그인방식이 세개뿐인가요? 기존 방식은 다 어디가고 다 짤라먹고 여기로 통합한건지. 가족꺼 다 제가 관리하는데 로그인을 할수가 없잖아요!!! 화면 구성도 조잡해서 어디가 어딘지. 검색화면을 이용하는 수밖에없는데 그마저 검색도 제대로 안됩니다. 제일 많이 보는 이용내역 전월실적확인 이런 메뉴는 어딨는지. 뭔 내카드 어찌 생긴지 몰라 카드 그림을 갖다 놨는지 원... 어후 심한말 나오는데 개선 좀 하세요
113,114,20220625,2022,06,25,1,Google 사용자,"많은 분들이 리뷰했으니 길게 쓰지 않겠습니다 컴퓨터 분야에 문외한인 제가 보더라도 누가 만들었는지 얼굴 한 번 보고 싶네요. 데이터, 밧데리는 혼자 다 잡아먹고 사용하기는 너무 불편한 이런 앱을 만들고도 월급을 받는지요? 다른 앱들 몇가지만 사용해보면 문제점을 금방 알 수 있는데도, 업데이트 할 때마다 점점 사용하기 싫도록 발전하네요"
114,115,20220612,2022,06,12,1,문정미,왜 잘 쓰고 있는 신한카드 앱 사용을 못 하게 했을까요. 신한플레이 가입도 쉽지 않네요. 전화본인 인증에서 인증 번호 문자를 요청하면 번호가 뜨지 않아요. 이틀째 시도하고 있는데 가입조차 원활하지 않네요. 카드사용 내역 등 확인 할게 많은데 갑자기 이렇게 바꾸면 어쩌란 말인가요.
115,116,20220617,2022,06,17,3,S.J Park,갑자기 신한카드앱을 신한플레이와 통합시키고 신한카드앱에서 쓰던걸 그대로 옮겨 놓으셨으면 몰라도 입금내역 찾으려해도 아예 찾을 수도 없는데 불편해서 어떻게 사용합니까~~ 아직 앱이 없어진게 아니라서 다행이 계속 사용하고 있지만 신한플레이만 남기고 신한카드앱을 없앤다면 불편해서 사용자들 불만이 더 늘어날 것 같네요. 제대로 만들어 주세요!! 그리고 전엔 신한페이판일때 그날 사용한 금액은 합산으로도 떠서 좋았는데 지금은 그게 없어져서 아쉽네요 또 아쉬운건 카드사용으로 인한 포인트적립과 광고 참여로 번 포인트 적립을 따로 분리해 주셨음 좋겠어요 참고하셔서 다음 업데이트엔 좀 개선된 점들이 많았음 좋겠어요^^
116,117,20220705,2022,07,05,1,soyoun kim,오류가 심해도 너무 심하네요. 왜 빈 화면만 뜨는건지 보기도 불편하네요 그리고 업데이트 되고 폰에 불이나는데요? 뜨거워지고 배터리는 빨리 줄고.. 어플때문에 오래 사용하던 신한카드 사용까지 고려하게 되네요 주변에 신한카드 만든다고하면 말릴까합니다....
117,118,20220528,2022,05,28,1,mingming 119,"결제하려고 하면 계속 먹통!!! 아오 진짜 미쳐버리겠음요!!! 그리고, 페이판 월렛에서 결제할금액이 바로 보여지지않고 금액보기를 눌러야보여지고, 마이페이지 카드홈에서 금액보기를 눌러야하는데 그냥 바로 금액이 보여지게하려면 어떻게하나요?(질문1) 동일폰 동일설정해둔 배우자폰은 금액이 바로 보여지는데 이상해요. 월렛설정에서 금액숨기기기능도 해제해놨습니다. 이런 문의는 1대1문의로 사진캡처해서보낼수있는곳 없나요?(질문2) 그리고 이벤트나 기능들이 너무 여러단계를 거쳐 이동해야하고, 별도 로그인 또 해야하고, 로딩되는 시간이 길고, 다운도 너무 자주되고... 불편해요ㅠㅠ"
118,119,20220619,2022,06,19,1,A Ram Nam,"잘쓰던 신한카드 어플 없애더니..하, 사용하기도 어렵고 어수선하고 어플때문에 카드 해지하고싶을 정도네요. 잘되던 지문인식은 지문이 없다는 오류나 계속뜨고..진짜 답답하다, 오류파악되었으면 업데이트라도 하든지..조만간 신한카드 그냥 다 해지할랍니다 답답해서 못쓰겠다 정말"
119,120,20220603,2022,06,03,1,Sunshine J,어플 구성도 이용하기 안좋고 모바일 삼성페이 결제할때마다 에러나고 하...ㅠㅠ 주사용카드라 쓰는데 번번히 오류생겨서 그냥 다른카드로 결제할때가 많아요. 예전엔 안그랬는데 플레이로 바뀌면서 자주 그러네요. 그냥 문제점 설명하고 말하기도 귀찮고 주사용카드 바꾸려합니다....ㅠㅠ
120,121,20220603,2022,06,03,3,Jeonghee Lee,배터리가 너무 빨리 닳아서 삼성폰AS센터에 상담했더니 배터리에는 문제가 없고 신한플레이앱이 문제라고 하며 그자리에서 삭제했습니다. 이후 배터리 문제점이 사라졌지만 카드사용에 불편이 생겨 다시 설치코자 합니다. 방금 상담원이 앱 사용 후 반드시 앱을 꺼두라고 하네요. 계속 켜 있으면 그럴 수 있을거라고요. 다시 시도해 봐야겠습니다.
121,122,20220701,2022,07,01,1,Salty flakeS,별 하나라는 평가도 주기 싫을만큼 엉망진창입니다. 경로가 너무 많고 길 잃기 일쑤입니다 직관적이지 않고 출석체크 하나 하는 것도 힘이 들 정도. 포인트 광고 가로이동도 움직이지 않음 반응속도 너무 느림
122,123,20220506,2022,05,06,1,HY L,1점도 아까운 어플.. 페이판일땐 잘 쓰고있었는데 플레이로 바뀐후로 접속도 안하다가 카드 비밀번호가 자꾸 틀렸다고해서 떠서 접속했으나 가입하라는 창만뜨고 카드 비밀번호를 몰라서 접속했는데 가입하려면 카드 비밀번호를 입력하질 않나;; 새로 가입하려니까 에러뜨면서 넘어가지지도 않고 뭘 어떻게하라는건지 모르겠네요. 어플 바뀐후로 불편하다는 평이 압도적인데도 뭐 개선할 생각도 없는 거 같고;;
123,124,20220703,2022,07,03,1,정윤미,앱 실행도 안 했는데 백그라운드에서 하루 13시간~ 18시간 배터리 다 잡아먹고 이게 왠일인가요? 절전모드로 전환시키니 이후로는 괜찮은데 앱 자체에 문제있는거 아닌가요? 다른앱 실행할때 발열이 엄청나서 그앱이 문제인줄 알았더니 신한플레이 절전모드로 전환하고 발열도 없네요 문제가 심각합니다
124,125,20220703,2022,07,03,3,J K,구글에 처음남기는데요 기존에 신한플레이 이용하는 사람이었고 로그인자체가 안되고 무조건 회원가입하라고 나옵니다 회원가입은 와이파이로는 안되고 데이터 사용만 가능해서 그냥 포기합니다. 해외에 나와서 한국 유심 데이터사용 막아놓고 왔는데 신한카드 때문에 유료 데이터 쓸 수는 없는거니까요 와이파이 못 쓰게 하는 카드앱처음 보네요 해외에서 혜택있다고 해서 신한카드발급받아왔는데 후회중입니다.
125,126,20220520,2022,05,20,1,K. woodol,"원래 리뷰같은거 귀찮아서 잘 안남기는데, 이건 꼭 남겨야겠다. 개편하고 몇달 써봤는데 대체 누가 개편하자고 했는진 모르겠지만 그 분 징계 좀 먹여라 UI개판이고 직관적이지도 않고, 메뉴 보고 찾아들어가기가 무슨 미로찾기같아서 그냥 메뉴 이름 검색해서 들어간다. 별 한개도 아까운 어플. 진짜 급여통장에 대출이 신한은행이라 억지로 쓰는거지 그것만 아니었음 카드 어플때문에라도 진작 갈아탔다"
126,127,20220518,2022,05,18,1,민경대,"""고객님의 안전한 가입을 위해 와이파이 연결 해제 후 가입 진행해주세요"" 라는 문구만 나옵니다. 휴대폰 기기 변경을 한 후 신한플레이 앱을 설치하고 가입 후 사용하려고 하는데 계속 저 문구가 나옵니다. 안내센터에 전화하니 앱 캐시를 지우고 와이파이를 변경하라고 하는데 캐시 지우고 와이파이 변경해도 계속 저 문구가 나옵니다."
127,128,20220629,2022,06,29,1,김연,업뎃하고나서 다른어플터치가안되요 젠장할 다른화면위에 정상적으로 작동하지않을수있습니다?? 내가 신한 하나땜에 폰에있는 모든어플들 포함해서 전화까지포기해야합니까?ㅜㅜ 첨엔 폰 고장난줄알고 식겁했어요ㅡㅡ 터치가안먹히나? 왜이래짱나게 그러더니 플레이가문제 ㅋㅋㅋ 다시업뎃하기전까지 삭제하겠습니다
128,129,20220505,2022,05,05,1,조경미,"1. 이번달 받은 혜택 볼때 할인항목별로 할인한도랑 할인내역, 남은 한도 한번에 볼 수 있게 제발 좀 부탁드려요!!! 할인한도가 없어서 보기가 너무 안좋아요 모르시겠으면 하나카드 앱 좀 참조 하시고요 2. 자동로그인이 되다말다 하는데 로그인방법 고정 좀 되게 해주시고요. 앱 사용하기 너무 안좋네요"
129,130,20220509,2022,05,09,5,오미현,[ D 8 5 K K 0 A ] 정말 잘 사용하고 있습니다 이 앱 설치하기 너무 잘 한 것 같고 걸으면 캐시가 생긴다는 점도 너무 좋은 것 같아요 너무 유용하게 쓰일 것 같아요 ^다양한 카드 정보와 이벤트 편리한 기능 정말 좋아요 편리하고 안전하네요 인터페이스도 깔끔해서 보기좋아요^^ 모든업무를 한번에 볼수 있어서 참 편리하다고 생각해요. 카드사 앱 중에 최고입니다!^
130,131,20220626,2022,06,26,1,Ym K.,이벤트페이지 안뜹니다. 추억의 게임등 포인트 이벤트 페이지가 접속해도 상단에 http//주소만 써있고 아래는 흰색에 아무것도 안뜨네요. 진짜 개빡치는게 50번은 넘게 시도하면 한번 될까말까에요^^ 고작 3~5포인트 주는 이벤트가 접속도 안되는데 뭐하러 존재하는지;
131,132,20220525,2022,05,25,1,하서진,불편해요 각종 메뉴들은 어디 숨어있는지 찾기도 쉽지않고 애초에 UI부터가 너무 직관적이지 못해요 매번 업데이트를 빙자한 앱 수정이 반복되어 적응할작싶으면 바뀌는게 일상이니...이건 뭐 고객의 편의를 위한건지 아니면 번거로움을 주려는건지 당췌 알수가 없네요 자기가 뭘 쓰려는건지 혜택은 뭐가 있는지 이런건 꽁꽁 싸매놓고 뭔 자꾸 리볼빙이니 대출이니 쓰라는것만 나오는지 참...갈수록 정떨어지네요
132,133,20220630,2022,06,30,3,백승윤,신한플레이 앱은 최신버전의 안드로이드에 최적화되어있지않습니다 화면터치가 지연되거나 인식되지않을수 있습니다 이런 메시지가 핸드폰에 뜹니다 저같은 경우는 다른 어플터치시 지연현상이 일어나네요 몇번 터치해야 실행이 됩니다
133,134,20220712,2022,07,12,1,onion onion,어플관리부서 페널티없나요? 아니 이렇게 잘안되는 카드어플은 또 처음입니다. 아주 감사합니다. 새로운 경험입니다. 카드 내역 확인하려는데 계속 버벅대고 앱을 닫거나 대기하거나 의견보내는 경고창이 수시로 뜹니다. 제발 관리하시고 월급깍으세요. 이건 뭐 어플 실사용자들 의견도 읽지 않고 피드백이 없네
134,135,20220628,2022,06,28,1,Google 사용자,신한카드 오래쓰고 너무 좋아하는데 유독 앱사용이 힘들어요 터치결제도 너무 버벅거리고... 앱이 사용중지되는 경우도 자주있구요. 오프라인매장 결제시 앱이 버벅거리는 경우가 많아서 참 난처할때가 많습니다.
135,136,20220629,2022,06,29,5,미르,"앱결재는 안 되고, 실물카드결재알림도 안 와서 고생했는데 바로 연락오셔서 잘 해결되었습니다. (서비스센터에 연락드리고 하란대로 했는데도 안 되서 난감했었는데..) 앱이 복잡해진감은있지만 기본기능만주로사용해서 크게 불편함은없습니다. 빠른대응해주셔서 감사합니다"
136,137,20220707,2022,07,07,1,이나연,신한플레이 앱이 최신버전의 핸드폰?에는 최적화되어 있지 않을 수 있다고 뜨면서 화면이 위 아래나 좌우로 움직이지 않을 때가 많습니다. 상당히 불편하고 짜증나니 빠른 해결 바랍니다.
137,138,20220802,2022,08,02,5,김인나,"앞전에(판)도 잘 사용했는데, 플레이로 바뀐뒤 사실 더 잘 사용중입니다. 초반에 인터페이스 바껴서 사용자들 불만 많았는데 전 적응하고 더 자주 사용하게 되네요. 발전하는 모습이 좋아요. 단지 어느 탭이든 들어가면 다른어플(신한계열) 이나 인터넷창으로 연결되는것들 그냥 플레이 어플내에서 한번에 처리가 되면 좋겠어요.."
138,139,20220905,2022,09,05,1,hy jung,"신한카드 앱 잘 쓰고있다가 없어진대서 신한플레이로 넘어왔는데.. 너~무 느립니다. 제일 많이 사용하는 기능이 포인트, 결제 관련 기능인데 마이페이지 버튼 한번누르고 버벅거리고.. 결제버튼 한번 누르고 버벅거리고.. 신한카드 앱에서는 겪지 못했던 답답함이 올라오네요!! 앱 구성도 조잡스러워서 한눈에 들어오지가않아요. 제발 바꿔주세요"
139,140,20220723,2022,07,23,1,alexa Y,"참고 쓰려해도 도저히 너무 느리고 멈춰대서 대환장파티ㅠ 화려한 비쥬얼과 효과보단 사용자가 편하게 쓸 수 있는게 우선 아닌가요? 터치결제 할때도 켜지고 카드선택하는데 한세월, 메뉴 이동할때는 눌러놓고 다른일 하다 와도 될 정도고.. 자꾸 멈춰서 재실행이 다반사.. 제발 쓸데없는 이미지랑 전환 효과따위 없고, 쓸데없는 메뉴 없는 심플하고 빠른버전, play이전 버전같은 앱이 필요합니다 ㅠ"
140,141,20220712,2022,07,12,1,전범진,신한플레이 앱은 최신버전의 안드로이드에 최적화되어 있지 않습니다 라는 메시지가 너무 자주 뜨면서 폰을 잠깐씩 프리징시킴 (갤럭시s21/안드로이드 버전 12) 신한플레이 만보기 기능 사용후부터 그러는거 같은데 최적화 좀 빨리 해주세요
141,142,20220619,2022,06,19,1,이선달,공인인증서로 신한플레이 사용했었는데 갑자기 로그인이 안돼네요 본인 핸드폰 인증만 되도록 변경이 된것 같네요 핸드폰 공인인증서로 로그인해서 사용했었는데 안됩니다 신한카드에 등록되어 있는 핸드폰 번호인 경우 법인폰이나 가족폰일 경우도 사용하게 해주세요 여러 인증방법을 통해서 사용이 가능할듯 갑자기 안돼서 당황함 너무 보안을 편의적으로 바꿔 버림 마치 카드 사용할때 마다 가게에서 신분증 매번 보여주는것과 똑같다고 생각됨
142,143,20220722,2022,07,22,5,권효정,저는 주로 포인트때문에 사용합니다만 기존의 페이판보다 더 빨라진게 느껴지고 앱 새로 개편되면서 이벤트도 더 많아지고 새로운 기능들이 추가되서 더 좋게 느껴졌습니다!! 물론 기능이 많은만큼 메뉴들이 많아져 좀 복잡하긴한데 주로 사용사는 메뉴들을 즐겨찾기한다거나 할수있으면 좋을것같습니다!!
143,144,20220627,2022,06,27,1,김남훈,기능이 좋으면 뭐해요? 최적화나 제대로 하고 쓰라고 해요. 앱이 엉망이라 초절전 모드로 돌려놓고 필요 할때만 쓰는 상황인데 이젠 카드 앱도 못 쓰게 하고 강제로 신한플레이 사용하게 만드는건 뭐 하는 짓인지 모르겠네. 저번에는 카드사 로그인시에 우선적으로 신한플레이 인증 로그인 하도록 해서 욕먹더니 사용자를 자꾸 불편하게 만들면 카드 탈회하라는 소리 밖에 더 되나?
144,145,20220625,2022,06,25,1,이종현,"앱을 좀 제대로 만들고 이걸로 밀던가 해야지.. 카드등록할때 보안키패드는 화면 중간에 떠서 입력창 다 가리고 앱 키면 발열 생기고, 느리고 애초에 이 앱 사용하려면 또 뭘 가입하라고 하고.. 발열 및 무거워 보이는 앱때문에 켜기 부담스러워 보임.. 개선 좀 빡세게 하시죠..최적화도 좀 하고"
145,146,20220524,2022,05,24,5,emily,업데이트되면서 깔끔해지고 터치결제도 빠르게 실행되고 전반적으로 좋아졌어요! 타회사 어플들보다 훨씬 보기편하게 정렬되어있구요. 이벤트도 다양해서 하나씩 응모하는재미도있구요:) 터치팡팡 메인화면에 뜰때 터치딜레이가 생겼는데 안드로이드 업데이트하면서 약간 딜레이가생긴거같더라구요. 이점은 개선해주시면 좋을거같습니다.
146,147,20220705,2022,07,05,5,장윤희,"[편리함 보다는 엔터테인먼트 쪽에 방점을 둔 앱] (장점) 1> 여러 기능을 하나의 앱으로 통합해서 이거 하나만 깔면 됨. 2> 자잘한 이벤트, 혜택이 메뉴 곳곳에 다양하게 있음. 3> 디스커버에 있는 뉴스레터같은 글들이 은근 유익하고 재밌는게 많음. (단점) 1> 화면이 복잡함(찾던 페이지가 어디있었는지 기억하기 힘들 정도로 메뉴가 많음) 2> 메뉴명이 직관적이지 않음(디스커버가 어떤 페이지인지 인식하기까지 꽤나 오랜 시간이 걸림. 디스커버 뿐만 아니라 앱내 메뉴명들이 대체로 역할과 이름의 매치가 초기유저에게는 힘듬) 불편하다는 평이 많지만 어쨌든 기존 금융사 앱들 중에는 독보적이라 생각함. 새로운 시도들을 끊임없이 하는 모습이 보기 좋음."
147,148,20220427,2022,04,27,5,전승만,"[편리함 보다는 엔터테인먼트 쪽에 방점을 둔 앱] (장점) 1> 여러 기능을 하나의 앱으로 통합해서 이거 하나만 깔면 됨. 2> 자잘한 이벤트, 혜택이 메뉴 곳곳에 다양하게 있음. 3> 디스커버에 있는 뉴스레터같은 글들이 은근 유익하고 재밌는게 많음. (단점) 1> 화면이 복잡함(찾던 페이지가 어디있었는지 기억하기 힘들 정도로 메뉴가 많음) 2> 메뉴명이 직관적이지 않음(디스커버가 어떤 페이지인지 인식하기까지 꽤나 오랜 시간이 걸림. 디스커버 뿐만 아니라 앱내 메뉴명들이 대체로 역할과 이름의 매치가 초기유저에게는 힘듬) 불편하다는 평이 많지만 어쨌든 기존 금융사 앱들 중에는 독보적이라 생각함. 새로운 시도들을 끊임없이 하는 모습이 보기 좋음."
148,149,20220730,2022,07,30,1,야능이,최근 배터리 소모가 너무 심하고 발열도 심해서 폰을 바꾸려던 차에 우연하게 백그라운드 앱을 봤습니다. 이 앱이 수십시간 돌아가면서 배터리 다 처먹고 있더군요 아무리 끄고 뭔 짓을 해도 안꺼져서 지웠습니다. 사용하지 않는 앱도 아니고 신한 주거래 은행으로 잘 사용하고 있는데 이딴식으로 못끄게 만들어 놓으면 어떻게 사용합니까. 문제 해결 될때까지 지웁니다.
149,150,20220512,2022,05,12,1,Sagang思江,"백그라운드에서 위치 기반 서비스를 돌라는 건지 모르겠는데, 원하지 않는 짓을 하느라 배터리 사용량 대부분을 잡아먹고 있네요. 타 카드사 결제용 앱처럼 결제 등 필요할 때만 앱을 켜서 쓸 수 있게만 할 수 있도록 하세요."
150,151,20220707,2022,07,07,2,희망찬성공,신한플레이 앱은 최신버전의 안드로이드에 최적화되어있지않습니다. 회면터치가 지연되거나 인식되지않을수있습니다. 메시지가뜨면서 지연되고있습니다.
151,152,20220513,2022,05,13,1,국승명,"직원들 동원해서 억지로 평점 좋게 남기게 한 흔적이 많이 보이네요 그 노력을 다른데 쏟지.. 누가 의사결정을 내리길래 이렇게 UX,UI가 점점 처참해지는지 안타깝네요.. 직원들도 정말 현타올것 같습니다 예전 버전인 신한Fan도 창구 직원이 하도 부탁해서 가입했는데 이번 신한Play 강제 가입시키는 사용자 경험은 최악 중에서도 최악입니다"
152,153,20220624,2022,06,24,1,emul top,핸드폰을 바꾸니까 로그인은 없고 새로 가입하기만 있는데 그래서 새로 가입하기 누르니까 강제적으로 와이파이 끄고 가입해라고 뜨는데 와이파이 끄면 인터넷 접속이 안 되는데 어떻게 하라는 건지? 데이터 요금제 안 쓰면 이용도 하지말라는 건가? 통신사들과 리베이트 계약했는지 진짜 어의가 없네 그럼 다른 카드사는 왜 와이파이로 가입이 되는지? 다른 카드사들은 멍청해서? 보안에 자신있어서? 신한카드는 보안에 자신 없어서? 진짜 욕나오게 바뀌었네 신한카드도 잘라 버리고 없애야지
153,154,20220902,2022,09,02,1,이창렬,밧데리 소모가 너무커요. 핸드폰도 느려져서 화면이 쉽게 뜨지 않고요. 아침 6시에 충전기에서 빼고 출근하면 12시쯤 40%가 되어있습니다. 얼마전 휴대폰 AS를 가서 밧데리 교환했는데 똑같아요. 다시갔더니 이앱이 사용하지 않고 있어도 밧데리의 30% 정도를 소모 한다고 합니다. 확실히 앱 삭제하고 보니 12시쯤 81% 가 떴습니다. 물론 핸드폰앱을 얼마나 구동시켰느냐 차이가 조금 있을수 있겠지만 항상 같은 정도로 사용 했습니다. 앱 쓴데도 넘 복잡해졌고요.
154,155,20220503,2022,05,03,5,분홍코끼리,"앞전에(판)도 잘 사용했는데, 플레이로 바뀐뒤 사실 더 잘 사용중입니다. 초반에 인터페이스 바껴서 사용자들 불만 많았는데 전 적응하고 더 자주 사용하게 되네요. 발전하는 모습이 좋아요. 단지 어느 탭이든 들어가면 다른어플(신한계열) 이나 인터넷창으로 연결되는것들 그냥 플레이 어플내에서 한번에 처리가 되면 좋겠어요.."
155,156,20220706,2022,07,06,5,Google 사용자,앱 리뉴얼 이후 초반엔 적응이 안되었었는데 조금 지나보니 훨씬 편하게 메뉴가 바뀐것 같아요! 카테고리별로 소 메뉴가 구분되다보니 앱 활성화와 깔끔해진 UI에 기능성도 좋아진 것 같아요! 재미있는 이벤트도 많이해서 아주 만족스럽답니다. 앞으로도 좋은 앱으로 계속 발전하길 바랍니다~~!
156,157,20220523,2022,05,23,5,채주희,"이전보다 디자인 측면에서도 세련되어지고 부드럽고 고급스러운 부분이 듭니다. 단, 메뉴가 여전히 너무 많아 검색하기 기능을 사용하지 않으면 찾기 어려운 부분들이 많고 그래서인지 앱 자체도 무거운 느낌이 들어요. 로그인시 비밀번호를 여러번 눌러야하는 오류도 많고요. 좋은 터치 팡팡으로 결제시 포인트가 적립되는 점! 자주 사용하고 있습니다. 신한은행 자체 이벤트도 많아서 덕분에 득도 많이 보고 있어요!!!!"
157,158,20220620,2022,06,20,5,Yoo Ra,기존 페이판이 더 간결하고 기능찾기가 쉽긴했습니다. 신한플레이 앱은 다소 기능이 많아져서라기보다 레이아웃이 복잡해진 느낌이네요. 바로바로 들어갈 수 있던 메뉴들을 굳이 한 두단계 거쳐서 가야하는 느낌이랄까요. 그럼에도 신한플레이로 바뀌면서 로고디자인이 더 좋아졌고 모델인 bts로 각종 이벤트가 많아져서 쏠쏠하게 포인트를 적립할 수 있는 점은 좋네요. 이벤트가 있어도 이벤트에 잘 응모 못할때가 있는데 이벤트가 다양해지고 많아져서 응모할 수 있는지 더 찾아보게 되네요. 그리고 결제할때 페이판보다 좀 더 속도가 느린 점은 개선해야 할 거 같네요.
158,159,20220611,2022,06,11,4,이영희,터치결제 할려하는데 몇일전부터 삼성페이서버에접근할 수 없다고 나와 큰금액 결제해서 카드조건 충족할려했는데 다른 카드 사용했어요. 오늘도 또 터치페이 쓸려하니 삼성페이 접속이 안된다고 또 나오네요. 그래서 업데이트도 했는데 계속 삼성페이 접속이 안된다고만 나오네요.ㅠ
159,160,20220922,2022,09,22,1,황영제,데이터 차단해서 사용하는 유저인데요. 핸드폰 바뀌기전에 잠깐 썼었는데 그때는 와이파이로 잘만 가입 되더니 오히려 새폰에서 와이파이 환경이나 VPN 해제 후 가입하라고 나오네요. 아무리 보안 때문이라지만 데이터 없이는 사용하지 말라는거죠? 구 신한카드 앱을 계속 사용할 예정이며 그 앱도 막히면 신한카드 없앨까 싶은 생각이 드네요.
160,161,20220428,2022,04,28,4,M.Y Seol,"예전 신한판부터 사용하고 있습니다. 어느 순간 신한플레이로 변경되었는데, 마이샵, 이벤트, 앱카드 등 여러 가지 기능을 잘 사용하고 있습니다. 하나의 앱에 많은 기능을 넣다보니 복잡하여 사용하기에 조금 불편한 점이 있습니다. 지금보다 메뉴가 간결해지고, 앱 자체를 좀 더 가볍게 하면 좋을 것 같습니다. 앞으로 더욱 발전하는 신한플레이가 되기를 바랍니다."
161,162,20220611,2022,06,11,1,Si In,별 한개도 아까움 앱 사용하면서 이정도로 충돌하는 앱이있을까?? 개적화는 기본 터치 후 어떤 명령을 수행하기까지 최소 10초 소요 온갖걸 다 때려박아놓고 최적화는 나락으로 보냄 포안트에서 L사의 앱과 동일한 폼을 사용하나 최적화는 엘사가 넘사ㅋ
162,163,20220619,2022,06,19,1,Alice J H,모바일 결제하는거 너무 느려요!! 터치결제? 엣지도 해보고 별거 다해도 다 느려서 계산할때마다 기다리게 해서 너무 미안해서 못쓰겠어요. 오늘은 결제하려고 했더니 뜬금없이 삼성페이 설정이 완료되지 않았다도 해서 뜨지도 않네요 삼성페이 건드린거 하나도 없는데요 속터져요
163,164,20220620,2022,06,20,1,초사이언인,신한카드 어플쓸때보다 반응속도도 너무 느리고 갑갑하내요. 카드선결제나 기타등등 볼려면 어짜피 예전 어플 화면으로 넘어가든대 되게 불편하내요..통합적으로 만든게 아니라 원래쓰던거 얼기설기 가져다 붙여서 기워놓앗으니 느릴수밖에..돈도많이 버는대 투자좀 합시다.
164,165,20220601,2022,06,01,1,최경호,결재하기위해 어플 실행하면 왜이리 늦게 열리나요? 삼성페이나 다른어플들은 바로바로 실행되는데.. 결재하려고 어플 실행하다 계산대앞에서 서로 민망해지는게 한두번이 아니네요. 개선좀 꼭 부탁합니다.
165,166,20220604,2022,06,04,5,Love Beam,"결제의 편리함은 추천할 수준이고, 쇼핑 카테고리의 기획전이나 이벤트 때 뿐만 아니라 굉장히 저렴하게 구입할 수 있는 제품들이 꽤나 많고 적지 않은 포인트 적립도 맘에 듭니다. 단, 용량이 커서 그런지 사용하는 동시간대 접속자가 많아서인지는 모르겠으나 빨리 구동된다는 느낌은 별로 받지 못했습니다. 이 점만 개선된다면 적극추천할 만합니다."
166,167,20220527,2022,05,27,5,choigo,메뉴 배치 및 보유카드 배열이 직관적이여서 좋았습니다. 특히 보유카드를 세로로 쭉 나열해서 보여줘서 과거에 발급하고 잊고있었던 카드를 찾았네요! 다 좋은데 이벤트 페이지가 너무 복잡한 느낌입니다. 이벤트 메뉴 들어갔을때 이미지 없이 이벤트명 텍스트만 나열하고 이미지는 해당 이벤트명 클릭시에만 보였으면 합니다.
167,168,20220531,2022,05,31,5,멜론이여,"앱 업뎃 직후에는 아이콘 등 디자인은 괜찮았으나, 이전에 사용하던 어플의 익숙함에서 변경된 디자인 및 기능에 적응하느라 매우 화가 낫지만 나중에 알게 된 기능 설명을 활용하니 꽤 편했습니다. 허나, 여전히 미세한 렉이 많아 사용할때 불편함이 있구요 빠른 시일 내 개선 된다면 어플 활용도를 더욱 극대화 할 수 있지 않을까 하는 기대감이 있네요."
168,169,20220414,2022,04,14,5,인형극장,"타임라인이 있어 결제한 시간 흐름대로 자세히 볼 수 있어 좋아요. 메뉴는 검색탭에서 검색시 연관된거까지 잘 나와서 찾기 좋네요. 앱구동은 폰이 어느정도 최신폰이여야 해요. 5년된 폰에서는 구동이 제대로 안되었지만, 작년에 폰 바꾸고는 조금의 버벅거림도 없어서 놀랍네요ㅎ 더 있으면 좋겠다 싶은건, (모든 카드가 없는것 같지만) 현재 결제건으로 포인트가 얼마가 적립되었는지 실시간으로 알 수 있음 좋겠어요."
169,170,20220801,2022,08,01,5,Yuju,"잘 쓰고 있습니다~ 재미있는 이벤트가 많은편이고, 다른 곳에서 못본 형태로 진행하는 것 같아요. 미니게임은 복불복인데 뽑기가 어느정도 확률일지는 모르지만 매번 1p씩 나오는것 같아 아쉽네요ㅎ 이번 상생소비지원금도 잘 신청했고, 예상 액수가 조회되어서 좋았습니다. 세부내용 글씨 포인트가 좀 작은 느낌은 있었어요."
170,171,20220413,2022,04,13,5,crane yoo,"편리하게 잘 사용하고 있습니다. 카드 관련 정보뿐만 아니라 취미, 관심사 등 여러분야의 다양한 정보가 제공되며 게임도 할수 있어서 신한플레이 하나로 모든 업무 및 각종 이벤트를 즐길수 있어서 좋습니다. 다만 몇가지 기종에서 사용해봤는데, 최신폰이 아니어서인지는 모르겠으나, 앱 구동속도가 느려지는 현상이 잦고 아예 멈춘 후 다시시작하는 경우도 많습니다. 같은 기종에서 신한쏠을 사용할때는 그런경우가 전혀 없어서 상대적으로 불편한 감이 있습니다. 이외는 편리하게 잘 사용하고 있습니다."
171,172,20220501,2022,05,01,5,두유힐미,저는 주로 포인트때문에 사용합니다만 기존의 페이판보다 더 빨라진게 느껴지고 앱 새로 개편되면서 이벤트도 더 많아지고 새로운 기능들이 추가되서 더 좋게 느껴졌습니다!! 물론 기능이 많은만큼 메뉴들이 많아져 좀 복잡하긴한데 주로 사용사는 메뉴들을 즐겨찾기한다거나 할수있으면 좋을것같습니다!!
172,173,20220603,2022,06,03,1,무저갱,너무 느리고 화면사용시간이 적은데도 배터리를 제일 많이 잡아먹어요 뭔가 하려고 하면 메뉴도 복잡해서 찾아가기도 힘들고 메뉴간 이동도 이상하게 꼬아놔서 안쓰고 싶어져요
173,174,20220413,2022,04,13,5,amber,앱 리뉴얼 이후 초반엔 적응이 안되었었는데 조금 지나보니 훨씬 편하게 메뉴가 바뀐것 같아요! 카테고리별로 소 메뉴가 구분되다보니 앱 활성화와 깔끔해진 UI에 기능성도 좋아진 것 같아요! 재미있는 이벤트도 많이해서 아주 만족스럽답니다. 앞으로도 좋은 앱으로 계속 발전하길 바랍니다~~!
174,175,20220621,2022,06,21,5,GRACE,"사실 처음에 업데이트되고 너무 불편했습니다. 첫째로 메뉴구성이 너무 많이 바뀌어서, 어디에 뭐가 있는지 찾느라..... 둘째로, 제가 못찾는건지 모르겠지만 홈화면에 한달 사용내역이 나오는데.. 특정기간 조회는 우찌 하는지... 하지만 좋은점도 있습니다. 카드에 대한 월사용내역금액을 보여주는 부분이 좋으네요. 왜냐면 실적을 충족해야할때 앱을 자주 이용하는데, 딱 눈에 들어와서요~ 그리고, 마이샵이나 탑스클럽 메뉴도 쉽게 이용할수 있네요! 참고로.. 카드사 앱중에 제일 이용하기 편한곳은 H사인거 같아요. 고객이 딱 원하는 정보를 맨앞에 보여주거든요~ 플레이는 너무 많은정보를 가지고 있어서 찾기가 넘 불편 ㅜㅠㅠ"
175,176,20220803,2022,08,03,5,소용돌이,"신한카드 사용자에게는 꼭 어플인것 같아요~ 첫째 : 결제 시스템이 번거롭지 않아 결제할때마다 간편, 유용하게 사용할 수 있다. 둘째 : 고객센터와 굳이 통화하지 않아도 신한플레이 안에서 해결이 가능하다. 셋째 : 장시간 이용시에도 게임을 할 수 있어서 지루할 틈이 없다. 넷째 : 물건 구매정보 등 각종 쇼핑 정보를 쉽게 얻을수 있다. 다섯째 : 이벤트가 많아서 게임도 하고 두둑한 포인트도 쌓여서 일석이조다. 이것 외에도 장점이 너무 많아 꼭 필요한 어플이라 적극 추천드립니다."
176,177,20211007,2021,10,07,1,양윤서,화면구성이 산만하고 광고성 너무많아요. 기존화면이 좀더 심플하고 이용이 편리했던거같네요. 메뉴구성도 너무 산만하고.. 원하는 메뉴찾기도 힘들어 검색키를 사용해 찾아야하네요.. 화면도 기존보다 늦게뜨고.. 너무 많은걸 앱에 구성한거같습니다. 심플하고 보기쉽게하는게 이용자 입장에선 좋을듯한데...아쉽네요
177,178,20211201,2021,12,01,3,Munhee Lee,"컨텐츠는 풍부하고 다양해졌는데 기술적인 오류는 지속적으로 발생해서 좀 스트레스가 있어요. 갑자기 멈춘다든지 안드로이드 시스템간 충돌이 난다든지 심지어 신한플레이만 터치가 안되는 일도 발생합니다. 그리고 UI,디자인이 좀 심플했으면 하는 바람도 있습니다.너무 다양한 경로로 원하는 메뉴를 접속하게 하는 것은 좋지만 유저가 많이 헷갈릴 듯 합니다. 다양한 이벤트와 엔터테인먼트 메뉴개발은 질리지 않고 유저가 재밌게 신한 플레이를 사용할 수 있게 해주는 거 같아 좋은 면이라고 생각됩니다."
178,179,20211205,2021,12,05,4,seokgyu KU,신한플레이로 업데이트되면서 깔끔해지고 터치결제도 빠르게 실행되고 전반적으로 좋아졌어요! 타회사 어플들보다 훨씬 보기편하게 정렬되어있구요. 이벤트도 다양해서 하나씩 응모하는재미도있구요:) 터치팡팡 메인화면에 뜰때 터치딜레이가 생겨서 서비스센터가봤는데 안드로이드 업데이트하면서 약간 딜레이가생긴거같더라구요. 그래서 그당시에 지워놓도 아직설정해놓기전인데 이점도 확인해주시면 좋을거같습니다.
179,180,20211201,2021,12,01,4,이정현 (닉네넴),기존 페이판이 더 간결하고 기능찾기가 쉽긴했습니다. 신한플레이 앱은 다소 기능이 많아져서라기보다 레이아웃이 복잡해진 느낌이네요. 바로바로 들어갈 수 있던 메뉴들을 굳이 한 두단계 거쳐서 가야하는 느낌이랄까요. 그럼에도 신한플레이로 바뀌면서 로고디자인이 더 좋아졌고 모델인 bts로 각종 이벤트가 많아져서 쏠쏠하게 포인트를 적립할 수 있는 점은 좋네요. 이벤트가 있어도 이벤트에 잘 응모 못할때가 있는데 이벤트가 다양해지고 많아져서 응모할 수 있는지 더 찾아보게 되네요. 그리고 결제할때 페이판보다 좀 더 속도가 느린 점은 개선해야 할 거 같네요.
180,181,20211212,2021,12,12,5,리퍼플,"[편리함 보다는 엔터테인먼트 쪽에 방점을 둔 앱] (장점) 1> 여러 기능을 하나의 앱으로 통합해서 이거 하나만 깔면 됨. 2> 자잘한 이벤트, 혜택이 메뉴 곳곳에 다양하게 있음. 3> 디스커버에 있는 뉴스레터같은 글들이 은근 유익하고 재밌는게 많음. (단점) 1> 화면이 복잡함(찾던 페이지가 어디있었는지 기억하기 힘들 정도로 메뉴가 많음) 2> 메뉴명이 직관적이지 않음(디스커버가 어떤 페이지인지 인식하기까지 꽤나 오랜 시간이 걸림. 디스커버 뿐만 아니라 앱내 메뉴명들이 대체로 역할과 이름의 매치가 초기유저에게는 힘듬) 불편하다는 평이 많지만 어쨌든 기존 금융사 앱들 중에는 독보적이라 생각함. 새로운 시도들을 끊임없이 하는 모습이 보기 좋음."
181,182,20211014,2021,10,14,3,송준기,우선 불편한점 몇개 적습니다. 주로사용하는 카드를 맨위로 올리고 싶은데 아래애서 움직이지 않네요. 매번 스크롤로 내리기 귀찮습니다. 설정에서 순번을 바꾸거나 안쓰는카드는 숨기는 기능이 잇으면 더 편할거 같습니다. 그리고 휴대폰 카메라로 qr 을 찍어 결제하는 방식도 번거롭습니다. 어디잇나 스크롤을 계속 움직엿는데 1~2초간 가만히 잇어야 해당 아이콘이 생성되는 개떡같은 방식때문에 30분을 해멧네요. 우선 이 2개는 빨리 꼭 좀 개선되면 좋겟네요.
182,183,20211219,2021,12,19,3,P정덕하선,콘텐츠도 메뉴도 다양해지고 깔끔해졌는데 너무 많은 것을 앱에다 넣으려한것 같습니다. Kb처럼 여러 앱을 안만들고 하나의 앱에 다양한 기능을 넣은것은 정말 좋습니다. 하지만 메뉴 들어갈때마다 인증을 계속 하고 버벅거려서 다음 단계로 나아가지않고 앱을 끄는 경우가 많습니자. 주로 찾는 메뉴도 어떤때는 찾지못해 헤메는 경우가 많아 내가 주로 찾는 메뉴만 골라넣는 기능이 있었으면 합니다.
183,184,20211008,2021,10,08,1,이달님,실제 사용하는 메뉴를 다 뒤로 옮겨 놓으면 사용이 불편해 질수밖에 없습니다. 할부는 바로 적용이 되는데 그 할부 금액이 빠진 나머지 총 결제액의 적용이 느립니다. 상생지원금은 알림이나 작은 메뉴로도 충분하다고 생각합니다. 카드 홈에서 상생지원금을 지나 마이를 선택해야 지문인식 후 제 카드사용내역을 볼 수 있다니 이전에 비해 시간 소모가 큽니다. 또 설정에서 홈이 앞으로 오도록 설정 하더라도 업무 후 홈을 누르면 카드 홈으로 가지 않고 업무 창에서 움직이지 않습니다. 다시 카드홈으로 어찌저찌 돌아와도 상생지원금페이지가 메인으로 걸려있어 다시 지문인식을 해야하는 불편함이 있습니다. 한번에 카드 홈으로 돌아가기 힘듭니다. 이미 어플 이름도 바꾸고 업데이트가 되어 큰 틀 변화가 어렵다는 건 압니다. 하지만 기존에 사용하고 있던 사용자가 새로 업데이트가 된 어플때문에 사용가이드를 봐야한다는 큰 단점은 치명적일 것 같습니다. 그렇다고해서 이 레이아웃이 신규 유입자에게 유익할지도 의문입니다
184,185,20211009,2021,10,09,1,윤장호,왜 업데이트 했는지 이해가 되지 않네요. 우선 이용내역 중 가족카드 사용내역이 은근슬쩍 사라졌네요. 이거보고 가계부 썼었는데 결국 웹 접속해서 다시 확인했네요. 그리고 이전분들이 언급했듯이 직관적이지 않고 특히 pc결재시 qr 사용하는데 아이콘이 너무 작고 무슨 의미인지도 모르게 되어있네요. 쓸데없는 기능만 추가하고 기존 기능 편의성을 떨어뜨려 더이상 사용하고 싶지않습니다. 내부테스트에서 편의성 확인을 충분히 해야하지 않나요?
185,186,20181016,2018,10,16,1,Google 사용자,왜 이렇게 자주 리뉴얼을 하나요? 리뉴얼 됐다고 할때마다 새로운 모드에 메뉴 찾으려고 헤매게 됩니다. 그렇다고 어마어마하게 좋아진 것도 없는데 이해가 안 되네요. 불편하게 만드는 게 목적인가봐요. 그리고 이번엔 앱구동 자체가 되지 않아 열댓번 시도하다가 앱 지우고 다시 설치했는데도 앱시동 자체가 안됩니다. 신한판을 사용한지 4년 넘었는데 어째 퇴보한다는 느낌이 들어요. 계열사 선전을 위한 앱 리뉴얼이 아닌 사용자 입장에서 리뉴얼 해 주세요.
186,187,20220105,2022,01,05,4,박세영,처음 리뉴얼 했을땐 적응이 많이 어려웠는데 자주 사용하니 많이 익숙해젔네요. 그런데 일부 페이지는 아직도 찾아가는 시간이 걸리네요. 그리고 이전 화면 갈려고 네비게이션 버튼 터치하면 종료로 가는 부분은 불편합니다. 원하는 페이지 찾아가기 쉽고 뒤로가기 개선되면 더 좋을것 같습니다.
187,188,20211207,2021,12,07,2,Jane C,"원래 잘 쓰던 어플이었는데 신한플레이로 업데이트 하면서 조작이 너무 복잡해졌어요. 기존 신한플러스로 들어가려면 한단계 더 거쳐야 하는 것부터 절차가 늘어나 편리성이 떨어졌습니다. 기존 이벤트들도 이리저리 흩어져 있어서 어플 통일성도 없고 시간만 더 걸려서 불펀해요. 또 저는 로그인하고 어플을 이용하고 있었는데 다른 메뉴를 누르면 또 로그인하라고 하네요... 어플 하나 이용하면서 로그인만 몇번을 하는지 모르겠습니다. 어플을 만들다 만 거 아닌가 싶어요. 개인적으로 터치결제를 자주 이용해서 옆으로 슬라이드 해서 결제 가능하게 된 건 좋은데, 이것도 네다섯번 이용하면 그 옆으로 슬라이드하는 부분이 없어져서 작동을 할 수가 없네요. 그런 경우에는 어플 들어가서 터치결제 누르고 결제하곤 합니다. 그럼 다시 또 슬라이드 하는 부분 생겨요... 이런 자잘한 오류들 좀 잡아주세요! 또 종종 멈춥니다. 너무 버벅여서 아예 어플 종료하고 다시 켤때가 있어요. 어플구동이 좀 가벼웠으면 좋겠네요."
188,189,20211214,2021,12,14,5,Jiae Park,"대학생때 처음 거래를 튼 이후로 주거래은행은 쭉 신한! 나도 나이가 든건지(?) 신한플레이 업데이트 이후 처음엔 좀 복잡스럽고 필요한 기능도 찾기 어려웠는데.. 그럴수록 꾸준히 하나 하나 눌러보며 살펴보기! 눈에 익을수록 앱은 더 친근해지고 편리해진다~~^^ 사실 비슷한 종류의 앱들은 기능이나 구조도 비슷하고, 이벤트도 비슷하니.. 결국 은행앱은 내가 자주 사용하는 앱이 최고더란👍"
189,190,20211205,2021,12,05,4,Eunha Ko,"앱 리뉴얼 후 재미있는 이벤트도 늘었지만 너무 복잡해지고 오류도 자주 나서 하다가 앱 닫고 다시 열어야 하는 경우가 잦아져 재미보다 귀찮음, 번거로운 느낌이 점점 커지고 있습니다. 플레이 자동 로그인 상태에서 어떤 걸 클릭했냐에 따라 신한 플러스 재 로그인이 필요할 때도 있고 뭔가 한참 찾아야 하고 인내심이 점점 크게 필요합니다."
190,191,20211204,2021,12,04,5,S.Shownu fantasia,마이샵 혜택이 다양해서 매달 재밌는 소비생활하고있습니다. 마이카로 내차가격이나 신차소식도 쉽게 접할수있고 터치결제할때마다 포인트가팡팡. 알차고 꼼꼼하게 다양한 혜택을 모두 누려보셨으면 좋겠습니다. 다만 한가지 아쉬운건 신한플레이 앱을켜고 터치결제하기까지 로딩시간이 필요해서 결제전에 미리 어플 열고 결제준비하고 계산대에 가야합니다. 그부분만 개선되면 좋을것같아요
191,192,20220105,2022,01,05,4,ye jin Kim,업데이트전 화면이 편했는데 나름 시간이 지나니 또 적응되네요 접속후 내가소지한 카드와 각 카드의기능들이 한번에 보여지고 자기스타일에 맞게 커스텀도 가능해서 꾸미는 재미도있네요 단. 젊은사람들에게는 재미의 요소겠지만 어플사용이 쉽지않은 분들입장에선 (저도 포함 ㅎ) 각메뉴나 원하는 기능을 찾을때 좀 복잡합니다. 화면이나 메뉴를 조금더 간결하게 쉽게 사용할수있도록 개선되었으면 좋겠습니다.
192,193,20211201,2021,12,01,1,한수진,"신한페이판보다 불편해요 익숙했던 화면이 바뀌어서 그런가 했는데 그냥 조잡함이...불편함의 가장 큰 이유인것 같아요 가장 많이 쓰던 터치결제가 사용할때마다 어플 들어가서 실행해야하고 검색기능도 별로, 필터링이 안되서 필요 메뉴 하나 찾는데 여기저기 기웃거리니 화면도 계속 들어갔다나갔다... 진짜 쓰기 불편해서 플레이앱으로 바뀐뒤 카드사용도 거의 안하게 되네요 누굴 위한 앱인지 고민하시길 바라요. 분명한건 사용자 편의와는 좀 거리가 멉니다"
193,194,20211230,2021,12,30,4,최현정,1.신한플레이로 바뀌고 좋은 점은 혜택이 많고 다양해서 사용자로서 꽤 만족합니다. 반면 가장 불편한 점은 바뀌고 나서 로딩이 느리고 터치 무반응이 너무 심합니다. 2.몇 몇 메뉴마다 로그인을 다시 하는게 불편합니다. 3.너무 많은 정보로 찾아보지 않는 것들이 많아(이벤트를 통해 알게 된 것들이 많음) 좀 더 루트가 간결하고 심플했으면 합니다.
194,195,20211230,2021,12,30,3,신선희,"신한 플레이 하루에도 몇번씩 접속합니다. 터치결제도 하고, 미니 게임도 하고 좋네요. 이벤트 응모와 출첵, 포인트팡팡으로 포인트 줍줍. 그런데 게임이나 마이카 등 메뉴 이용 중 10분 지나면 로그아웃 돼 버립니다. 마이카는 신한 사이트인데, 글 하나 등록하면 로그아웃 돼 버리니 꽤나 불편합니다. (별 차감) 그리고 간혹 햄버거 메뉴로 접속한 메뉴화면에서 클릭이 전혀 안되는 경우가 있다. x,랑 뒤로가기를 제외하면 화면 내 링크가 먹통일 때가 종종 있어 불폌합니다 (별 차감)"
195,196,20211204,2021,12,04,5,미미,"처음 사용할땐 이전 신한판과 비교해서 너무 복잡해서 한참을 헤맸던거 같아요 ㅋ 쉬는날 찬찬히 살펴보니 기능이 정말 다양한것 같아요. 물론 하나하나 직접 실행해 보던가, 사용방법에 대해 배워야 하는 번거로움은 있지만. 마이샵혜택을 통해 캐시백 서비스 받거나 이벤트란에 들어가서 포인트혜택도 받고 있어요. 은근 쏠쏠하다는 ^^ 기능이 너무 많아서 간혹 겹치는 것들이 여러 페이지에서 보여요. 그런것들만 좀 보완한다면 페이지 이동할때 오류도 없어지고, 좀더 심플하게 효율적으로 사용해볼수 있을것 같아요"
196,197,20211202,2021,12,02,4,세중정,"신한판 초기부터 사용해 오면서 매번 업글될 때 마다 적응이 필요했고, 또 적응 후 잘 사용하고 있습니다. 많은 선택지를 개인 별로 취사선택할 수 있게 하는 것은 좋으나 앱이 자꾸 무거워지고 느려지는 느낌입니다. 렉 걸리는 횟수도 앱 무응답 다운 횟수도 점점 많아지는 것 같네요. 이런 부분만 개선된다면 좋을 것 같네요."
197,198,20211231,2021,12,31,3,탐정좀비,"타사보다 하나의 앱으로 모든게 가능하고 인터페이스 디자인, 다양한 기능이 있다는 점은 상당히 마음에 들지만 1.예전버전에 비해 앱이 자주 멈추고 이전버전과 연계성이 부족해서 적응이 어려우며 메뉴제목만으로 하위메뉴를 떠올리기 힘듬. 2.월렛에서 우측 삼선돋보기를 눌러 나온 추천서비스에서 이벤트나 pLay& 등 터치하면 반응이 느리고 특정 시간대는 버벅거림. 또, 글자색이나 화면의 변화가 없어 진행여부를 알 수 없음. 이벤트를 검색하면 바로 이벤트로 연결되지 않고 이벤트 가기를 다시 눌러야하는 불편함이 있음 3.디스커버에서 월렛 등으로 가려고 뒤로가기하면 이전화면이 아닌 로그아웃이 되는 점은 개선이 필요."
198,199,20220104,2022,01,04,5,유목종,이전 사용화면보다 편리해진 부분도 있지만 다소 불편해진 부분도 있읍니다. 자세하고 세밀하게 보여지는 부분들은 좋지만 그러다보니 이곳저곳을 찾을려고 여러번 터치를 해야 찾을수 있는 단점들도 있읍니다. 대체로 화면구성이나 깔끔한 면들은 좋은데 그러한 부분은 조금 아쉬운것 같읍니다. 공통된 화면들을 정리하면 좋을듯 합니다.
199,200,20211205,2021,12,05,4,짱진숙,신한플레이에서 결제도하고 이벤트도 즐기고 정보도 보고 한번에 되어서 편리하긴하다. 하지만 신한카드앱에서 이벤트정보가 떠서 클릭을하면 신한플레이로 넘어가면서 다시 인증을 해야하는부분이 너무 다소 불편하고 신한플레이에서 신한카드앱으로 다시 넘어올때도 마찬가지라는점. 그것만 보완한다면 좀더 편리하게 이용할수 있을듯하다.
200,201,20211006,2021,10,06,1,sh b,"업데이트 후 겉으로는 보기에만 예쁜 UI 디자인, 막상 사용할때 겁나 불편하고 UX도 매우 좋지 않음. 페이판 이름을 버리고 플레이처럼 플랫폼 짓을 할거면 결제전용앱 다시 새로 내는게 나음. 이 앱이 존재하는 이유인 결제가 더럽게 불편함 일단 QR스캔 버튼 자체가 매우 작은 크기인데 화면이 움직이면 나왔다 말았다해서 찾는데 오래 걸리고 눈치 없으면 이게 뭔지 모름(직관성 없음) . 2. 카드 옆에 있는 바코드,QR이 원래 그건줄 알았음(와이파이라고 안되길래 뭔가싶었음) PC에서 QR결제 때문에 쓰던건데 이럴거면 그냥 네이버페이나 토스나 삼성페이에 카드 등록하고 쓰는게 더 빠르고 간단해서 갈아탈거임 시간 넘치는 사람 제외한 일반사용자들이라면 사용하지 않을 기능, 컨텐츠 매우 많음. *중요* 앱을 갈아엎어도 로딩 느린거는 그대로****"
201,202,20211225,2021,12,25,1,권혜령,1. 디스커버만 들어가면 로딩도 느리고 스크롤이 안될 정도로 심하게 버벅입니다. 2. 디스커버쪽 메뉴들 play& ox퀴즈같은 것들 가끔 터치해도 무반응이어서 사용이 불가합니다. 3. v3관련해서 앱을 종료하거나 재시작한다는 팝업이 앱 메뉴 돌아다니는중에 시도때도없이 뜹니다. 아직도 이런 문제들이 해결이 안되고있다니 심각합니다. 조치 좀 해주세요. 신한 좋게 생각했는데 이 어플로 이미지 다 까먹고 있습니다.
202,203,20220104,2022,01,04,5,세종대마왕,신한플레이 앱 하나면 모두 해결되는것 같네요. 이앱 저앱 깔필요없는기 최대 장점인것 같아요. 심플한 것도 한몫하고요. 개선이 필요하다고 느끼는 부분은 몇몇 메뉴나 항목을 찾기가 조금 어려웠던것 같고 마이샵이나 탑스클럽 쿠폰 등 사용에 있어 조금더 편해졌으면 합니다. 신한플레이 알고 나서는 이걸로만 페이결제하네요ㅎ 매우 만족합니다!
203,204,20211231,2021,12,31,4,봄향기,"신한 플레이로 바뀌고 나서 이전보다 디자인 측면에서도 세련되어지고 부드럽고 고급스러운 부분이 듭니다. 단, 메뉴가 여전히 너무 많아 검색하기 기능을 사용하지 않으면 찾기 어려운 부분들이 많고 그래서인지 앱 자체도 무거운 느낌이 들어요. 로그인시 비밀번호를 여러번 눌러야하는 오류도 많고요. 좋은 터치 팡팡으로 결제시 포인트가 적립되는 점! 자주 사용하고 있습니다. 신한은행 자체 이벤트도 많아서 덕분에 득도 많이 보고 있어요!"
204,205,20211206,2021,12,06,5,서범규,예전보다 확실히 복잡해졌지만 익숙해지고나서는 볼거리 즐길거리가 너무 많아져서 들어올때마다 즐겁네요. 한가지 아쉬운점이 공인인등서등록시 자꾸에러가나서 문의전화를 했더니만 앱관리에서 저장공간 거부에서 다른것으로 바꾸라고해서 바꿀수있는게 미디어파일뿐이네요 바꾸고나서도 역시 에러가 나서 공인인증서 등록을 못하고 있어요.
205,206,20211231,2021,12,31,5,이종석,"예전에  신한페이판을 사용했는때와 비교해서 이번에  신한 pLay 로  이름도 바뀌고 획기적으로 리뉴얼이 되서 놀랐어요. 처음엔 어색하고 실수를 많이 했지만, 이젠  익숙해져서 신한 플레이앱에서  모든기능들이  연동돼서 편리하더라고요. 카드업무는 기본이고,  은행업무,증권업무까지 신한 플레이앱 하나로 안되는게 없을  정도로 다되어서  좋습니다. 주식매도,매수도 가능하더군요. 가끔이용합니다. 획기적으로 또는, 주기적으로 이벤트도  많이해서 신한포인트도 덤으로 얻을수 있고요. 또, 오락실기능처럼  다양한 게임도  할수있어요. 오락기능도  되고 '디스커버'라는 아이콘창에는  커뮤니티 공간이 있어서  앱 이용자들과 정보교류와 랜선활동도 할수있고요. 신한플레이로 바뀌고서 많은 기능과 아이템이  생겨서  좋습니다. 이앱 하나가 금융계 종합 플랫폼이 되고있습니다. 많은 이벤트는  신핝포인트를 쌓으려고 나를 매일매일 이앱으로 이끌리게 합니다. 지루하게  지낼   틈을  안주네요."
206,207,20220304,2022,03,04,5,정이랑,항상 새로운 변화는 장단점이 있는 듯 합니다. 변경 후 메뉴 구성에 익숙해지기 까지 다고 시간이 걸렸네요. 솔직히 맨날 포인트 줍줍 할거 없나 수시로 들락날락 거리는데 접근 경로가 복잡해 초기에는 애좀 먹었습니다. 가장 큰 문제는 신한FAN 때 보다 속도가 많이 느려졌다는게 느껴집니다. 각각의 화면 배너 이미지가 이렇게 큰 영역을 차지 해야 하나 그런 생각도 들구요.. 뭐~ 어째든 모든 사람을 만족 시킬 순 없으니.. 이젠 어느정도 익숙해져 나름 좋아요 ~ 늘 자주 가는 메뉴만 방문 하게 되네요.
207,208,20220519,2022,05,19,5,calix,"신한페이판에서 신한플레이로 UI부터 확바뀐후 다양한 이벤트, 포인트 적립 항목들이 있어 좋네요. 물론 페이판에 익숙하다가 바뀌어서 좀 헤매는건 계속 이용하다보면 익숙해질꺼 같구요. 다만 로딩시 느린점은 초기보다는 나아졌지만 개선이 필요하구요. 그리고, 운전면허증 관련 메뉴 PASS앱으로 단순 링크거는거 밖에 않되는거라면 차라리 없애는게 좋을꺼 같네요. 하여간 새롭게 바뀐지 얼마않되어 가끔 튕김현상 등 아직 개선할 부분들은 있지만 점점 더 좋아질꺼라 믿습니다."
208,209,20220414,2022,04,14,1,이보경,"1.우선 신한페이판에 비해 너무 어수선하고 원하는 메뉴 찾기가 힘이듭니다. 2.처음 들어갈 때 로그인을 해도 각 메뉴마다 또 로그인을 해야하는 불편함이 있습니다.(이거 전혀 수정을 하지를 않는군요~그럴꺼면 이런 리뷰 이벤트를 뭐하러 하는건가요?) 3.각 메뉴에 들어갔다가 나와서 다른 메뉴로 가기 위해 뒤로 가기 버튼을 누르면 아예 어플에서 빠져 나가져서 다시 들어가야하는 번거로움이 너무나 심합니다.(참여를 할 이벤트가 몇건이나 되는데 할때마다 이러니까 이걸 왜 하고 있는건지 이해가 안될때가 많아요) 4.스크롤도 안 되고,터치를 해서 들어갈려고 해도 먹통일 때가 많습니다. 5.터치결제 시 아무리 터치버튼을 눌러도 터치메뉴가 잘 안 나오는 경우가 많습니다. 6.다음 업데이트시에는 신한페이판처럼 한눈에 볼 수 있도록 간단했으면 좋겠습니다. 7.위에도 썼지만 불편한 점을 개선도 안할거면 리뷰 이벤트를 하지마세요."
209,210,20220215,2022,02,15,2,문경돈,"유저분들, 솔직히 얘기합시다. 앱 불편하잖아요 앱 자체에서 엔터테인먼트 적인 부분들은 많아서 좋을 수도 있지만, 가장 핵심적인 부분들(결제내역 확인)이 전보다 한눈에 볼 수 없잖아요. 전UI에서는 바로 홈 화면에서 즉시결제 등 전반적으로 사용하기가 쉬워졌는데, 좀 많이 복잡해졌다는 느낌을 받았습니다. 🔥 리볼빙 등 서비스 이용하시는 분들도 혹여 이번달 청구 결제내역에 미포함되고 리볼빙으로 넘어가진 않았는지 확인 및 / 아예 리볼빙 내역으로 따로 구분이 되어있는 것도 불편합니다. 🔥무엇보다도, 톡 상담으로 상담원 연결시 계속 폰을 붙들고 있어야 합니다. 잠깐 나갔다 다시 들어오면 'window. onerror:...' 문구 뜨면서 진행이 안 되고, 톡 연결이 되었는지 따로 알림도 안 와서 온 줄도 모르고 자동 종료되는 경우가 다반사.. 붙들고 있다가 10분내로 연결 안 되면 자동 종료. 상담원 연결되고 상담원이 톡 보내면 카톡처럼 오게 하는 기능 개선 어떻게 좀 안될까요"
210,211,20220523,2022,05,23,5,문소은,"조금 어수선한 느낌에 찾기쉽게목록구성이되지않아, 그런점에 조금불편하다는 생각이드는 어플이라고 생각은 늘떨칠순없지만, 다만 기존에서 현재 업그레이드되서 기존페이판 출첵 및 이벤트보다 많아져서 그점은 만족합니다. 속도가 아직도 전반적으로 조금은 지연되는점이 많아 추가적인 개선이 필요하다라고생각됩니다. 추가로 터치결제 정말 엄지척 잘쓰고 포인트도 잘챙겨갑니다."
211,212,20220605,2022,06,05,5,칭찬감옥,신한페이판은 깔끔하고 사용하기 편했는데 신한플레이로 업되고 나서 복잡하고 산만해졌음. 물론 익숙해지려면 좀 시간이 필요하겠지만 그래도 앱에 너무 오랫동안 머물러야 해서 불편함. 정보가 많아지고 이벤트도 다양해진건 좋지만 분명 금융앱인데 가끔은 bts 홍보앱같은 느낌을 받음. 무엇보다 젤 중요한 결함은 자꾸 버벅거리고 아예 앱자체가 응답하지 않는 현상이 많이 발생함. 이건 빠른 개선이 필요합니다!!!
212,213,20211231,2021,12,31,5,Meres SosuG,"솔직히 혜택이 많아서 매일 매일 들어와서 포인트 쌓고 이벤트도 참여하고 하지만, 업데이트할 때마다 메뉴 변화가 너무 심하고 어디에 뭐가 있는지 찾기가 너무 힘들어져서 골치가 아픕니다. 비쥬얼적인 면으론 발전할지 몰라도 사용자의 편의를 고려하지는 않는 듯한 업데이트네요. 좀더 메뉴를 보기 편하고 이용자가 원하는 걸 찾기 쉽도록 배치를 간결하게 했음 하는 바람입니다. 복잡하게 뭐든 다 집어넣는다고 좋은 게 아닙니다. 업데이트할 수록 느려지는 속도와 오류로 버벅이는 증상도 심해지구요. 좀더 빠르고 이용자가 쉽고 편하게 이용할 수 있도록 개선되는 모습 바랍니다."
213,214,20211211,2021,12,11,1,CR,기존에는 앱을 통한 결제시 터치 2~3번이면 가능했는데 플레이로 업데이트 후 5번은 터치해야 함. 기본카드로 바로 넘어가던 프로세스가 기본카드가 있어도 카드 선택을 하는 과정이 생기고 결제 과정마다 클릭을 요구함. 뭐가 달라지냐고요? 빠른 결제(오픈런)가 필요할때 불편해서 신한카드 안써요. 썻다간 품절걸리기 일쑤라. 차라리 가상계좌 쓰지. 카드 기능에 충실하지 않게 각종 이벤트와 쇼핑몰 등 복잡하기만 카드앱.
214,215,20220102,2022,01,02,2,Chom,전반적으로 인터페이스며 바뀐건 좋으나 반응속도가 너무 느려요. 버벅거리고 메뉴 터치가 잘 안되는 사항들 개선좀 해주세요. 월렛 화면에서 자산 메뉴 터치하면 그 뒤 인터페이스에 있는 메뉴가 나와요 이를테면 이용현황이나 계좌 추가하기 화면이요. 월렛 보기 모드를 바꿔도 그래요. 그리고 자산 지출관리에서 업종별 예산 보기에서 취소한 카드 거래건 반영이 얼마나 소요되는건지요? 안되는건지 느린건지 잘 모르겠으나 지난주에 취소한 결제건이 예산 실적 데이터에 그대로 있네요.
215,216,20220619,2022,06,19,5,남승은,"앱이 매거진스러운 화면으로 변했네요. 기존 카드 UI가 워낙 익숙해서 처음엔 적응하는데 시간이 오래 걸렸는데, 써보니 또 괜찮은 것 같아요. 초기화면도 마음대로 선택할 수 있고.. 다만 처음이다보니 속도 최적화가 안 된 것 같은데 이 점을 조금 더 신경써서 업그레이드 해주셨으면 좋겠습니다. 예전보다 결제창 접근이 단순화된 건 좋은 것 같아요!"
216,217,20220309,2022,03,09,5,조혜진,"앱 리뉴얼 후 재미있는 이벤트도 늘었지만 너무 복잡해지고 오류도 자주 나서 하다가 앱 닫고 다시 열어야 하는 경우가 잦아져 재미보다 귀찮음, 번거로운 느낌이 점점 커지고 있습니다. 플레이 자동 로그인 상태에서 어떤 걸 클릭했냐에 따라 신한 플러스 재 로그인이 필요할 때도 있고 뭔가 한참 찾아야 하고 인내심이 점점 크게 필요합니다."
217,218,20220311,2022,03,11,5,홍연준,"신한페이판에서 신한플레이로 UI부터 확바뀐후 다양한 이벤트, 포인트 적립 항목들이 있어 좋네요. 물론 페이판에 익숙하다가 바뀌어서 좀 헤매는건 계속 이용하다보면 익숙해질꺼 같구요. 다만 로딩시 느린점은 초기보다는 나아졌지만 개선이 필요하구요. 그리고, 운전면허증 관련 메뉴 PASS앱으로 단순 링크거는거 밖에 않되는거라면 차라리 없애는게 좋을꺼 같네요. 하여간 새롭게 바뀐지 얼마않되어 가끔 튕김현상 등 아직 개선할 부분들은 있지만 점점 더 좋아질꺼라 믿습니다."
218,219,20220104,2022,01,04,5,정HY,이제껏 사용한 어떤 카드어플보다 이벤트가 다양하고 혜택도 많아서 오랫동안 잘 사용하고 있습니다. 페이판에서 플레이로 버전업되면서 대규모?변화가 있었고 처음에는 낯설었던 것도 사실이지만 가이드와 보물찾기를 통해 무사히 적응을 마쳤어요ㅎ 최근에는 마이데이터 서비스가 오픈했는데 잘 사용해 볼 생각입니다. 개인적으로 터치결재와 마이샵 서비스 사용빈도와 만족도가 높고 커뮤니티는 참여빈도가 좀 떨어지는 편입니다. 최근 이벤트 페이지에서 해당 이벤트로 링크될 때 로딩이 좀 길거나 v3종료 안내가 팝업되는 경우가 종종 있었습니다. 앱 안정화에 참고 부탁드립니다. 감사합니다.
219,220,20211101,2021,11,01,1,이슬,앱 평가는 처음해 보는데 이거 앱 실행이 제대로 되어야 뭘 쓰죠. 신한페이판에서 신한플레이로 갑자기 바뀌더니 앱 실행부터 멈추거나 사용중에 멈춰서 하얀 화면만 떠있거나 강제 종료될 때가 너무 잦아요. 실행할 때마다 거의 매번 그러는 것 같은데 느린 건 둘째치고 오류는 잡주셔야 하는 거 아닌가요? 특히 터치결제 사용할 때 이러면 얼마나 민망한지 모릅니다. 그리고 우측상단 삼단바(메뉴) 눌렀을 때 왜 추천서비스부터 뜨는지.. 그 밑에 신한pLay도 그렇고 이 두가지 정보보다 카드 메뉴가 더 눈에 띄어야하는 것 아닌가요? 카드이용내역이랑 카드이용실적충족현황 확인하려고 메뉴 찾느라 한참 헤맸는데 인내심 테스트하는줄 알았습니다.
220,221,20190625,2019,06,25,4,Google 사용자,"설치되어 잘 사용하고있었는데 두달 정부터던가.. 설치되어있는데도 계속 설치하라고 떠요. 어떻게 해야 하나요? 해결되었어요. 혹시 저 같은 케이스가 있으실까해서 추가글 남깁니다. 글꼴크기만 신경썼는데 글꼴는 작게로 설정되어 상관없었고 화면크기가 최대로 되어있어 결제버튼이 다른 이미지에 중첩되어 가려져 보이지않았던겁니다. 요점만 쓰자면, 기기의 화면크기를 크게 조절하면 스크롤이 생기는 게 아니라 한 화면 안에서 이미지가 겹쳐지도록 만들어져있습니다."
221,222,20220415,2022,04,15,5,피땀눈물,"신한페이판은 직관적이어서 자주 사용했었는데, 신한play로 바뀌고 나서는 아직 익숙치않아서 이전만큼 자주 들르지 않고 있습니다. 현재는 결제를 주로 이용하고 있는데, 이벤트가 이전보다 많아져서 그건 아주 좋아요. 조금만 간결하게 정리하고 업데이트하면 신한페이판보다 더 다채로운 앱으로 이용하게 될것 같아요~ 더욱 노력해주세요^^"
222,223,20181023,2018,10,23,5,Google 사용자,"G6쓰는데 업데이트했더니 화면을 꽉채워버려서 폰에서 기본으로 뜨던 하단버튼이 보이질않아요. 뒤로가기, 홈으로가기 등 버튼을 누를수가 없어서 너무 불편해요. -추가- 우와 소프트키 안보이는 문제를 리뷰에 남겼더니 바로 수정해서 업데이트버전을 내놓으셨네요. 빠른 피드백에 감사해서 별2개를 5개로 바꿨어요ㅎㅎ"
223,224,20211010,2021,10,10,2,천경준,1. 앱 이름이 변경되는 업데이트를 자동 업데이트로써 제공하는 것은 최악이었음. 결제를 위해 신한Pay판을 실행하려고 했으나 찾을수가 없어 크게 당황함. 2. 신한페이판은 앱을 켰을 때 첫 화면에서 신한페이판 결제를 위한 QR코드 촬영 버튼이 있었는데 이게 안보여서 당황했음. 결국 찾긴 찾았는데 UX 최악임... 3. 마이데이터 플랫폼으로 사용하기 위해 페이판을 플레이로 바꾼 것 같은데 베이스가 페이 앱임을 기억했으면 좋겠음... 마이데이터 관련 기능은 아직 안써봤지만 2번 항목에 언급한 결제기능 찾는 과정에서 카드 메뉴 들어갔을 때 신한카드 화면이 신한카드앱보다 체감상 빨리 뜬 기분이라 이런부분은 긍정적임
224,225,20220301,2022,03,01,5,소풍,앱이 개편되고 나서 기능이 많아진 것은 매우 만족합니다. 포인트 뽑기 등 이벤트가 많아지는 등 진짜 플레이 기능이 많이 강화되었네요. '플레이'란 단어를 왜 넣었는지 알거 같습니다. 다만 기존 앱과 비교해서 메뉴 구조가 많이 달라졌기 때문에 기존 앱부터 사용하던 사람은 익숙해 지는데 시간이 필요하네요. 뭐 이것도 어짜피 시간이 지나면 적응되는거라 괜찮습니다. 그리고 개선점을 바란다면 앱의 기능이 다양해지면서 예전보다 조금 느려진 느낌입니다. 이것도 개선이 되면 좋겠네요. 그래도 전반적으로 만족스럽습니다.
225,226,20211014,2021,10,14,1,M Lim,잘 쓰고 있던 페이판을 이름까지 바꿔가며 새로운 앱으로 만들 필요가 무엇이었는지 궁금합니다. 네이버 앱이랑 메모리는 거의 비슷하게 점유하는데 끄고 나서도 계속 메모리에 남아 있어 불편합니다. 배터리 사용량도 다른 앱에 비해 사용 시간 대비 압도적으로 많습니다. 쓸 데 없이 이것저것 집어넣어 덩치만 키우려고 하지 말고 사용자 입장에서 간소화된 UI와 메모리/배터리 사용량을 제공하는 앱으로 개발해주시면 좋겠습니다.
226,227,20220414,2022,04,14,5,강선옥,"신한카드 쓰기 시작하면서 어플이 있으면 편하니까 다운 받은지 몇 개월이 지났네요. 간편한 로그인 편하고 필요한 메뉴 보기 쉬워요. 이벤트 신청하면 종종 포인트 당첨도 잘 되구요. 전 삼성페이 대신 몇 번 더 누르더라도 터치팡팡 합니다. 이벤트도 많고 혜택도 좋고 신청,조회도 간편하고 앞으로 계속 신한 사용할거에요!"
227,228,20211202,2021,12,02,4,GILJU YI,기존에 사용했던 신한 페이판 어플에 비해 반응속도가 느려지고 어플이 무거운 것 같아요. 메인화면에 롤링페이지가 많아져서 그런가 중간중간 멈추기도 하고 급할 때 불편하더라구요. 그래도 개편된 어플의 카테고리화가 기존에 비해 잘 구분되어있어 원하는 페이지로 바로 갈 수 있어서 편해져서 좋습니다. 다양한 의견들을 수렴해서 사용자들이 만족할만한 어플로 개발 부탁드립니다:)
228,229,20211202,2021,12,02,4,Ji-eun Moon,"앱이 매거진스러운 화면으로 변했네요. 기존 카드 UI가 워낙 익숙해서 처음엔 적응하는데 시간이 오래 걸렸는데, 써보니 또 괜찮은 것 같아요. 초기화면도 마음대로 선택할 수 있고.. 다만 처음이다보니 속도 최적화가 안 된 것 같은데 이 점을 조금 더 신경써서 업그레이드 해주셨으면 좋겠습니다. 예전보다 결제창 접근이 단순화된 건 좋은 것 같아요!"
229,230,20220613,2022,06,13,5,원영은,신한 플레이를 예전부터 사용해본 경험으로 말씀드리면 물론 레이아웃 등의 부분들은 바뀌기 전이 조금 더 직관적이고 사용하는 것에 편리함이 있었습니다. 바뀐 후에는 대부분 검색을 통해서 기능을 찾아야 할 정도로 원하는 메뉴를 찾기가 힘든 부분이 있었고요. 하지만 어느 정도 적응을 하면 나쁘지 않았던 것 같습니다
230,231,20211202,2021,12,02,3,배성숙,"사용하던 어플이 갑자기 없어져서 뭐지?뭐가 없어진거지?하면서.. 바뀐걸 알았습니다..ㅡㅡ!! 저 또한 업데이트되어 더 불편해진것 같아요ㅠㅠ 신한카드,신한페이판 따로 2가지 다 사용중이었는데, 통합된거마냥 신한플레이로... 카드홈 들어가려면 로그인 매번 해야되다가 지금은 로그인상태로 되는데.. 신한카드 어플은 매번 로그인을 해야되더군요 이전처럼 어플 클릭하면 자동로그인 되게 해 주시면 좋겠습니다 그리고 터치결제포인트팡팡도 지금보다 이전의 타임라인이 훨씬 편합니다 바로 포인트 팡팡할 수 있었으니까요 게다가 터치결제 흔들기기능도 별 의미가 없는 듯 합니다 ..ㅡㅡ!! 어플 들어가서 터치결제 클릭하는거와 어플 들어가야만 흔들기 기능이 실행되는거와 무슨 차이가 있는것인지.. 폰 흔들기보다 터치하는게 더 낫다고 봅니다만...@@!! 흔들기 기능은 폰이 꺼진 상태 또는 비번 풀린 상태(신한플레이 어플 사용 X)에서 흔들기 했을 때 터치결제 비번화면이 떠야 편한게 아닌가 싶은데 말이지요.."
231,232,20220714,2022,07,14,5,탐크루즈,다양한 서비스와 연동되어 한 눈에 쉽게 볼 수 있다는 점이 제일 마음에 듭니다. 무엇보다 쏠쏠한 출첵 이벤트와 그외 각종 이벤트로 포인트와 경품 응모가 많아 흥미거리가 많은게 이 어플의 장점이라고 생각합니다. 다만 UI서비스가 간혹 튕기거나 이벤트에 대한 설명이 복잡한 경우가 있는데 이는 차차 개선될 부분이 있다고 생각하여 별 하나 뺐습니다. 앞으르 더욱 원활하고 다양한 서비스가 풍부해지길 바랍니다. 감사합니다.
232,233,20220122,2022,01,22,5,비만콩,신한플레이로 앱 명 자체가 변경된 이후 사용이 편해졌어요. 초반에는 내용이 너무 많아 조잡하다는 느낌이 강했는데 지금은 정돈되서 가독성이 높아져서 눈이 편한걸 느낍니다. 특히 터치결제와 이용내역을 한번에 볼 수 있게 합쳐둔게 신의 한 수예요. 아이디어 제공자 분 매우 칭찬합니다!! 덕분에 요즘 신한플레이 터치결제가 늘었어요~
233,234,20211204,2021,12,04,4,비니비니,"신한포함 4사카드이용중이지만 주거래카드로 신한을 사용하다보니 가장 자주사용하는 어플인데 그만큼 익숙해서그런것도있겠지만 개인적으로 타사보다 유용한정보나 기능, 다양한포인트적립이벤트구성이 아주잘되어있어요 신한에서 만들어둔 기능을 타사에서 뒤따라만드는듯한 느낌이 들만큼 뭔가 타사보다 한발빠른 업데이트? 그리고 내카드사용정보를 확인할수있는 메뉴얼구성도 찾기쉽게잘되어있어서 그부분이 제일맘에 듭니다 만족하며 사용중인데 단점은 근래 업데이트후에 터치결제할때 이전에 신한플레이 사용후 어플종료를 하지않고 이용기록에 남겨뒀을경우 그화면에서 계속열린다거나, 터치결제후 뒤로가기를 눌리면 바로 포인트팡팡을 확인할수있는 결제내역화면으로 넘어가지않고 앱이 종료되버리더라구요 그게좀불편해요 그래도 롯* 현* 삼* 신한 중 가장만족하며 사용중입니다^^"
234,235,20220721,2022,07,21,5,류초아,결제서비스나 뱅킹 . 멤버쉽통합기능.신분증이나 증명서관리도 가능하며 자산관리도 유용하네요 터치결제를 폰 바탕으로보내서 사용하니 보다 편리합니다 그리고 기타 포인트혜택을 누릴수있는 이벤트들이 많아서 사용할만한 앱입니다 다만 아쉬운것은 처음접하는 사람들에게는 너무 복잡한느낌... 사용자마다 차이는있겠지만 불필요한 내용들이 있어서 혼잡한...그래서 쉽게 접할수있는 부분이 차단되었다 말할수있겠네요... 좀 심플하면서 알차게 만들었다면 ...하는 아쉬움이있습니다 어느정도 앱 파악을하면 편리한점도있으니 추천드려봅니다!
235,236,20220616,2022,06,16,5,최순철,"이 앱 하니로 온오프라인 결제나 쇼핑, 다른 금융 생활도 가능.. 결제의 편리함은 추천할 수준이고, 쇼핑 카테고리의 기획전이나 이벤트 때 뿐만 아니라 굉장히 저렴하게 구입할 수 있는 제품들이 꽤나 많고 적지 않은 포인트 적립도 맘에 듭니다. 단, 용량이 커서 그런지 사용하는 동시간대 접속자가 많아서인지는 모르겠으나 빨리 구동된다는 느낌은 별로 받지 못했습니다. 이 점만 개선된다면 적극추천할 만합니다."
236,237,20220105,2022,01,05,3,seongeun yoo,이전 신한앱과 비교했을때 인터페이스가 느려진것은 최대단점인듯합니다. 터치하면 바로바로 넘어갈수 있도록 속도감을 개선해주세요~~ 직관적 사용이 가능하도록 내용정리가 필요할것 같습니다. 보물찾기하느라 여기저기 다녀보긴했지만 어디에 무엇이 있는지를 알기가 쉽지않습니다. 소비자의 입장에서 정리를 부탁드립니다. 그래도 발전하려노력하고 있다고 생각되고 다양한 혜택이 있어 그걸 찾아 사용하는맛도 있습니다.
237,238,20220504,2022,05,04,5,주동준,결제서비스나 뱅킹 . 멤버쉽통합기능.신분증이나 증명서관리도 가능하며 자산관리도 유용하네요 터치결제를 폰 바탕으로보내서 사용하니 보다 편리합니다 그리고 기타 포인트혜택을 누릴수있는 이벤트들이 많아서 사용할만한 앱입니다 다만 아쉬운것은 처음접하는 사람들에게는 너무 복잡한느낌... 사용자마다 차이는있겠지만 불필요한 내용들이 있어서 혼잡한...그래서 쉽게 접할수있는 부분이 차단되었다 말할수있겠네요... 좀 심플하면서 알차게 만들었다면 ...하는 아쉬움이있습니다 어느정도 앱 파악을하면 편리한점도있으니 추천드려봅니다!
238,239,20220930,2022,09,30,5,null,"카드내역, 포인트 ,마이샵쿠폰을 한곳에서 볼수있어서 편해요 재밌는 이벤트들도 많아서 포인트도 얻을수있어 재밌어요ㅋ 단점은 페이지 이동하다보면 간헐적으로 종종 멈추고 앱로그인 했는데 페이지이동하면 앱안에서도 로그인을 몇번이나 또 해야된다는건 조금 불편해요 ㅎ 그래도 신한카드앱 도 신한플레이로 합쳐져서 더 좋은것같아용 ㅎ 점점 더발전하고있넹"
239,240,20211202,2021,12,02,5,WOO KIM,"이 앱 하니로 온오프라인 결제나 쇼핑, 다른 금융 생활도 가능.. 결제의 편리함은 추천할 수준이고, 쇼핑 카테고리의 기획전이나 이벤트 때 뿐만 아니라 굉장히 저렴하게 구입할 수 있는 제품들이 꽤나 많고 적지 않은 포인트 적립도 맘에 듭니다. 단, 용량이 커서 그런지 사용하는 동시간대 접속자가 많아서인지는 모르겠으나 빨리 구동된다는 느낌은 별로 받지 못했습니다. 이 점만 개선된다면 적극추천할 만합니다."
240,241,20220419,2022,04,19,1,Sang-hoon,"수정 할 때 마다 메뉴 구성이 엉망이 되어간다. 초기의 직관적인 구성은 엎어 버린채.... 거기다 로그인 되어 있는데도 로그인을 요구하는 메뉴들은 참....점점 더 무겁고, 버벅대고, 골뱅이는 시도때도 없이 돌고.... 이야 이런 개떡 같은 앱은 처음이네요. 와 짜증나서 못쓰겠네"
241,242,20211223,2021,12,23,5,JO Jo,"처음엔 어플이 바뀌었을 때 누구나 느끼는 것처럼 어색하긴 했어요. 메뉴 위치가 바뀌고, 여러 메뉴가 늘어나서요. 근데 점점 사용할수록 타은행 어플과는 차별화된 점이 보이더라구요. 깔끔한 디자인, 확연히 풍부한 포인트적립혜택, 할인 등 실생활에서 누릴 수 있는 부분이 많아 좋습니다. 다만 메뉴에서 카드메뉴를 먼저 보이게 할 수 있으면 좋을 것 같아요. 카드대금을 납부하려하는데 누르는 버튼이 많아져 들어가기 곤란합니다. 이 부분 외에는 만족합니다."
242,243,20211204,2021,12,04,2,S Kim,"디자인은 깔끔해졌고 메뉴는 체계적으로 보이지만, 실제 사용적인 측면에서는 UI가 복잡해지고 거쳐야하는 단계가 늘어나서 불편해졌습니다. 리뉴얼 시 외형적인 측면만 신경쓴 듯 하며, 개발에 참여한 사람중 파워 유저가 없거나 그들의 의견이 반영 안 된 듯 합니다. 다음 개편시에는 반드시 사용자 중심에서 진행해 주시기 바랍니다."
243,244,20220622,2022,06,22,5,서현수,예전앱에 익숙해져 있었다가 새롭게 바뀐앱이 익숙하지않아서 메뉴를 찾느라 여기저기 헤매고 다녔는데 이제는 익숙해져서 잘 이용하고 있습니다. 여러 이벤트와 메뉴들이 생겨서 들어가서 보는 재미도 많아지고 좋아진 것 같습니다. 메뉴를 보다 타고 들어가서 보게 되어 참여하는 경우도 있고 저축도 하고 카드도 예전보다 현명하게 사용하게 되는 것 같습니다.
244,245,20211026,2021,10,26,1,Ahn-seok Kim,"동작안됨. 이전 앱 강제 업데이트. 쓰레기 앱, 누가 만들었는지 테스트도 제대로 안된 상태. 접속 안되서 카드 확인도 안됨. 수차례 접속 시도해서 한 번 연결될까 말까, 거기에 들어가서 메뉴 이동하다보면 잘못된 페이지 보이다가 다시 먹통, 학생들이 앱 만들어도 이보다 더 잘 만들 듯. 신규폰 테스트도 안하는가 봄. 접속되면 관련된 모든 거래 끊고 옮겨야 할 듯. 뭐 그래봐야 어차피 신경들도 안 쓸 듯 함."
245,246,20220715,2022,07,15,5,도 레 미,"신한페이판보다 많은 포인트 득템의 기회가 있어요.매일 들어와서 포인트를 모으고 있죠. 신한카드 포인트는 다른 카드사에 비해 정말 잘 모아지는것 같아요. 신한플레이 처음에는 적응안되고 귀찮아서 한동안 안들어 왔었지만,지금은 자주자주 들어가서 구경하고 카드사용내역도 바로 봅니다.정말 혜택도 많고 메뉴도 많은데 다만 페이판에 비해서 속도가 조금 떨어지는게 아쉽네요. 그러나 장점이 단점을 카바하는 혜자 앱이예요~~~"
246,247,20211021,2021,10,21,1,chi ca,사용자경험을 전혀 고려하지 않은 업데이트로 사용에 혼선만 있어요. 메뉴 찾기도 불편하고 메인 화면도 부적절해요. 앱 기획 시 사용자가 별도의 설명 없이도 사용하기 편리해야하는게 1번 아닌가요. 있어보이려는 느낌만 가득한 이 앱 화면 구성은 누굴 위한 건지 고민해보시면 좋을 것 같습니다.
247,248,20211204,2021,12,04,4,안동신,항상 새로운 변화는 장단점이 있는 듯 합니다. 변경 후 메뉴 구성에 익숙해지기 까지 다고 시간이 걸렸네요. 솔직히 맨날 포인트 줍줍 할거 없나 수시로 들락날락 거리는데 접근 경로가 복잡해 초기에는 애좀 먹었습니다. 가장 큰 문제는 신한FAN 때 보다 속도가 많이 느려졌다는게 느껴집니다. 각각의 화면 배너 이미지가 이렇게 큰 영역을 차지 해야 하나 그런 생각도 들구요.. 뭐~ 어째든 모든 사람을 만족 시킬 순 없으니.. 이젠 어느정도 익숙해져 나름 좋아요 ~ 늘 자주 가는 메뉴만 방문 하게 되네요.
248,249,20220131,2022,01,31,4,CopyK Meto,신한금융그룹의 여러 서비스를 한 곳에서 다양한 방법으로 이용할 수 있다는 점에선 매우 만족스럽습니다 하지만 버젼이 바뀔 때마다 기존 버젼에서 조금씩 바뀌는 게 아니라 아예 새로 접하는 앱처럼 확확 바뀌는 건 매우 당황스럽네요. 겨우 겨우 뭐가 어디 있는지 적응이 되어갈 때쯤 또 새로운 버젼이 나오고 또 처음부터 메뉴 익히느라 고생하고 반복..;; 그럴 바엔 업데이트 기간을 미뤄서 적응할 시간을 충분히 주던가 기존 버젼에서 필요한 부분만 조금씩 바꾸는 식으로 점차 변화시켜 나가는 게 사용자 입장에선 더 편한 것 같습니다. 담 버젼이 어떻게 될지 모르겠지만 또 모든 메뉴를 갈아엎어 첨부터 다시 시작하는 듯한 형태는 아니었음 하네요.
249,250,20211013,2021,10,13,2,Baron Kim,"어플이야 뭐든 계속 바뀌고 업뎃되는거니까 정말 웬만하면 필요한 메뉴 열심히 검색해서 그냥 쓸텐데 새로 바뀐 인터페이스가 많이 불편하네요. 신한페이판은 별다른 설명이나 혼란 없이 설치히지마자 바로 사용이 가능했는데 신한플레이로 바뀐 후에는 필요한 메뉴를 찾을 수가 없고, 검색메뉴가 있어도 검색조차 되지 않아 많이 헤매게 되어 답답합니다. 업데이트 안 하면 신한페이판 사용에 제한이 있어서 강제로(?) 신한플레이 다운받은건데 업데이트 강제라도 하지 말아주셨음 좋았을 텐데 아쉽습니다."
250,251,20211205,2021,12,05,3,S “S” yun,정말 너무 방대해서 다이어트가 필요한것같습니다. 그래서인지 제휴대폰이 오래되서 인지는 모르겠으나 플레이로그인 속도가 느립니다. 여러 다양한 분야를 시도한건 높이 평가합니다.신한플레이의 새로운 도약인 만큼 줄일건 줄여서 몸집만 거대한게 아닌 실속파 신한플레이가 되길 기원드립니다.신한플레이 파팅!
251,252,20211230,2021,12,30,5,전상섭,"이전 신한payFAN때보다 이번 신한PLay가 콘텐츠ᆞ메뉴 등 정보가 더 많아진 거 같기는 한데, 우선 어수선하게 느껴지며 메뉴 등 찾아들어가기가 힘이 들어요. 그리고 또한 경우에 따라 도중에 재차 로그인해야 하는 괴정을 거치는 번거로움 등. 지금은 여기에 다소 익숙해져 잘 쓰고 있습니다. 감사합니다."
252,253,20211231,2021,12,31,5,오리라스,"최고의 앱입니다. 뭐랄까 기존에 없었던 바로 결제 기능을 제공하는 게 최고 같아요. 약간의 로딩이 느려진 건 있지만 기능성 증대에 따르는 불가피한 부분이 아닐까 하고 사용합니다. 제일 좋은 점은 이것저것 앱이 많은 다른 카드사와 달리 하나로 통합해버린 부분 같고요, 신한플러스로 일원화된 것도 너무너무 좋습니다. 가끔 기계에 따라 간편결제 연결시 오류가 생기고 그것만 해결이 된다면 더 좋을 것 같아요. 한가지 개선사항이라면 역시 카드결제가 바로 있는 것처럼 이용실적도 바로바로 메뉴에서 확인할 수 있었으면 좋겠습니다."
253,254,20220608,2022,06,08,1,MinWoo Cho,"여러가지 앱카드를 사용해봤지만 단언컨데 가장 스트레스 많이 받는 카드 앱입니다. 신한카드 자체를 전부 폐기하고 싶게 만들 정도네요.. 본연에 충실해야지 뭔 쓸대없는 메뉴나 잔뜩 추가해놓고 집 와이파이도 막아 놓고, 뭔 자꾸 쓸대없이 로그인은 자꾸 하라 하는지... 최악의 UI, UX네요.. 다시는 신한카드 안 쓸것 같네요 적도오 온라인으로는!"
254,255,20211219,2021,12,19,5,Lee sangsoo,"사회 초년생이 되고 처음으로 발급받은 신한카드, 그 이후 14년동안 주사용카드로 사용하게 되었고 그만큼 신한카드 앱을 오래동안 사용하고 있습니다. 몇년전까지도 앱 담당자가 욕심이 앞섰는지 기능은 많은데 구성은 산만하고 느리고 해서 불편함이 종종 생겼기에 남몰래 불만을 토로하며 한숨을 짓기도 하였지만..!! 신한 PLay로 개편되면서 UI/UX이 대폭 향상되었습니다!! 사용하기 편하면서 많은 기능 중에서 원하는 기능을 쉽고 빠르게 찾을수 있게 되었네요. 물론 유용한 이벤트도 엄청나게 많습니다~ 앞으로도 계속 발전하는 신한PLay가 돠어두세요^^"
255,256,20220623,2022,06,23,5,Google 사용자,신한플레이 초반에는 메뉴를 찾기가 어려웠는데 익숙해진 지금은 편리하고 좋네요. 메인화면이 직관적이어서 카드 결제내역을 확인하거나 터치결제 이용할 때 편합니다. 앱 하나로 많은 기능을 하다보니 조금 복잡하게 느껴집니다. 자주 사용하는 메뉴를 따로 모아볼 수 있는 즐겨찾기나 찜하기 같은 개인화된 항목이 있었으면 좋겠습니다.
256,257,20211207,2021,12,07,5,현,"솔직히 업데이트 직후에는 아이콘 등 디자인은 괜찮았으나, 이전에 사용하던 어플의 익숙함에서 변경된 디자인 및 기능에 적응하느라 매우 화가 낫지만 나중에 알게 된 기능 설명을 활용하니 훨씬 편했습니다. 허나, 여전히 어플의 미세한 렉이 많아 사용할때 불편함이 있습니다. 빠른 시일 내 개선 된다면 어플 활용도를 더욱 극대화 할 수 있지 않을까 하는 기대감이 있네요. 신한페이, 아니! 신한플레이! 파이팅하십쇼! ☆신한주주로서 응원합니다 :)☆"
257,258,20220131,2022,01,31,4,Dingleberry BAEK,"카테고리의 메뉴가 직관적이면 더 좋겠습니다. 가끔 원하는 정보를 찾기가 조금 곤란할때가 있어요. 예를들면, ""OX퀴즈""는 디스커버>혜택>ox퀴즈 이런식의 로직보다는 이벤트>혜택 이런식의 로직이 더 일반적이고 직관적인것처럼요. 컨텐츠의 다양성과 전반적인 디자인은 참 좋습니다. 잘 이용하겠습니다."
258,259,20211213,2021,12,13,5,김진영,"업데이트 되고나서 처음에는 제가 원하는 정보 찾는것이 불편하고, 잘 못찾고 어려웠는데요. 이제는 쓰다보니 적응이 되어서 불편함 없이 잘 쓰고 있습니다. 확실히 바뀐 화면이 더 세련되고, 화면 구성이 더 보기 편해졌습니다. 다만 예를 들자면 이벤트에 관련된건 이벤트 안에 다 나열 되었으면 좋겠는데 이벤트 안에도 있고, 다른 곳에도 흩어져 있어서 제가 찾는 이벤트 정보 못찾아서 여러번 헤메다 겨우 들어가는 경우가 종종 있어요. 자정 지나서 사람들이 몰리는건지 앱 반응이 느리고, 오류나는 경우가 종종 있는데 앱 용량이 딸리는것 같아요. 이 두 부분만 수정 된다면 훨씬 더 편하게 사용할 수 있을것 같습니다."
259,260,20211206,2021,12,06,4,박순화,"현재 바뀐 화면이 깔끔하고 보기 좋고, 신한플레이 라는 이름을 잘 지은것 같아요. 하지만 앱 구성이 너무 자주 바뀌어서..적응할만 하면 또 바뀌고 해서 가끔 메뉴 찾아 들어갈 때 헤맬 때가 있어요. 저는 어플 자주 이용해서 이제 좀 익숙해지긴 했는데..자주 이용하지 않거나 어르신들 쓰시기엔 꽤나 메뉴찾기가 어렵습니다."
260,261,20220315,2022,03,15,1,유해아,"웹뷰 탓만 하는데 웹뷰 업뎃 이 전 플레이L로 신한플레이앱을 개편하면서 앱 프리징 현상이 계속 일어남. 그 이후로 앱카드 오프라인 결제는 물론 포인트 팡팡 같은 것도 한 번 하려면 프리징 반복으로 30초 딜레이는 기본, 앱 강제 종료 후 재부팅 반복임. UI도 사용자 위주가 아닌 쪽으로 바뀌고 램 소모도 심하고 프리징우 기본이고... 개편이 아니라 개악임."
261,262,20211018,2021,10,18,1,치킨케밥,"신한 페이판 결제 굉장히 잘 이용하고있었는데(모바일이나 컴퓨터를 이용한 결제 둘 다), 오늘 네이버에서 결제하려하니 오류가있는거 같아서 보니 어느 새 신한 플레이라는 어플로 바뀌어있음. 인터페이스도 불편하고, 이전에페이판으로는 잘만되던 모바일에서 결제가, 모바일 앱결제 이용 안된다면서 화면만 먹통되고 매우 불편해서 지워버림. 나중에 결제될때 다시 깔던가할게요."
262,263,20220414,2022,04,14,4,장희석,누구나 쉽게 이용할수 있도록 편한 장점이있고 만족스러우나 별하나가 아쉬운점은 업데이트가 계속진행되면서 가끔씩 버벅대는 현상이 일어나는데.. 예를들면 주식실시간창을 보는데 자동으로 바뀌지않고 멈춰있어서 한번더 클릭하는일이 발생합니다 이런부분만 수정되면 별50개도 아쉽지않습니다.
263,264,20220226,2022,02,26,5,헤이븐,매일쓰고 있는데 몇가지 개선 부탁드립니다. 1. 혜택 - 이벤트로 진입시 몇몇 이벤트는 뒤로가기 하면 앱 종료가 되어 불편합니다. < 버튼을 잘 보이게 위치하던가 뒤로가기를 만들어주세요. 2. 메뉴버튼 누르고 (3줄) 아래쪽 이벤트나 다른 메뉴 누를 때 아이콘은 눌러도 반응이 없습니다. 한글이 작아서 잘 터치해야 하는데 좀 불편 합니다. 3. 판페이 보다 앱이 커져서 그런지 앱 진입속도나 메뉴전환시 느려졌습니다. S21+ 쓰는데도 체감으로 느립니다. 개선이 된다면 좀 전환속도 빠르게 해주세요
264,265,20211217,2021,12,17,3,JEONGHWA LEE,"주거래은행인데 🤍신한🤍 자체가 출첵, 응모, 혜택 등 다양한 이벤트가 넘쳐나서 이용하는 재미도 있고 티끌 모아 티끌이지만 포인트 모으는 보람도 있습니다. 새롭게 앱 단장해서 기대했는데 갈수록 사용하기 난해해져서 진이 빠집니다. 뭐만 했다하믄 자꾸 로그인하라 하고 원하는 메뉴 찾는 것도 숨겨져 있나 나만 못 찾나 싶기도 하고 솔직히 바뀌고 나서 앱 이용을 잘 안하는 것 같습니다. 많은 기능을 보여주고 싶었지만 과유불급한 느낌입니다. 신한을 애용하는 한 사람으로 계속 이용하겠지만 보다 사용하기 간편한 앱으로 발전했으면 하는 마음입니다."
265,266,20220425,2022,04,25,5,양은미,신한페이판에서 신한플레이로 바뀌고 나서 적응하는데 오래걸린건 같아요. 요즘은 화면이 눈에 익어 사용하기가 편해지긴했지만 앞으로도 신한플레이가 좋은 싸이트로 계속되려면 아래 여러분들이 지적해준 사항처럼 이벤트 참여할때마다 로그인 해야하는 번거로움은 꼭 개선해야 할것 같습니다. 금융 정보를 보면서 도움많이 받고 있는점 감사드리고 여러 이벤트와 게임 참여로 플레이앱으로 즐거운시간을 보낼수 있어서 좋아요.
266,267,20211230,2021,12,30,3,박점미,첨에는 제폰이 잘못되었는줄 알았네요. 터치를 해도 먹통 스크롤을 해도 먹통.. 핸폰을 다시시작하기를 몇번하기도하고.. 앱을 바꿔 얼마간은 그러려니 했는데 아직까지도 그런다는것은 페이판 이용할때보다 실망스럽습니다. 그리고 클릭해서 옮길때마다 로그인 다시해야하고 전에 보다 더 복잡해진 느낌입니다. 퀴즈나 이벤트등으로 포인트 모으는 재미는 쏠쏠하지만 위에서 말한 원활하지못한 문제들은 빠른시일내에 해결되었음 합니다.
267,268,20220523,2022,05,23,5,귀중한돌,"금융앱중에서 가장 사용하기 좋은것 같아요. 특히 터치결제가 아주 유용합니다. 삼성페이처럼 쓸수 있으면서도 결제할때마다 포인트를 적립할 수 있는것이 매력포인트네요. 이번에 업데이트되면서 엣지패널이란게 생겨서 결제할때 빠르게 카드를 불러올수 있어서 이 기능이 특히 좋았어요. 이 어플 하나로 송금도, 결제도 할 수 있어서 아주 유용했습니다."
268,269,20220428,2022,04,28,5,최혜빈,신한플레이 통해서 포인트 적립은 물론 마이샵 혜택으로 할인까지 챙길 수 있으니 쏠쏠합니다! 다만 어떤 이벤트는 신한쏠로 이동해서 진행해야하는게 좀 번거롭습니다. 둘이 연동되서 어떤곳에서 해도 허용되도록 해주면 좋을거같아요. 위 건의사항이 수정되지않아도 신한페이판 통해서 얻을 수 있는게 많기에 페이판 사용하는걸 매우 추천합니다.
269,270,20220409,2022,04,09,1,장재우,배터리 잡아먹는 이슈 언제 해결되나요? 백그라운드에서 사용되지 않도록 설정했는데도 어떻게든 백그라운드에서 돌아가면서 배터리 잡아먹길래 강제종료 하느라 번거롭습니다. 앱 구동 속도도 너무 느려요. 그리고 신한페이판 때 잘 쓰고있던 사용 알람도 어느 순간부터 안되는데 이럴거면 왜 신한플레이 만든 건지 모르겠습니다.
270,271,20211008,2021,10,08,4,이우재,"1. 업데이트 후 UI가 직관성은 올라가 결제의 편리함은 높아짐. 2. V3 모바일이 (앱이 백그라운드에서 꺼지면) 종료안되고 남아있었는데 불편함 3. 기존 앱에서 위젯 실행 시 결제까지 걸리는 속도가 많이 단축됐습니다. 페이코 삼성페이와 이제 비슷합니다. 4. 위젯 1×3 위젯이 ""김신한님의 월렛"" 글자때문에 2×4가 되고 축소가 되지 않은 건 불편합니다. 5. 기존 1×3 위젯에 터치결제/바코드생성/QR스캔(온라인) 3대 기능이 있는데 이를 2×4로 늘린 뒤 각각 1개씩 추가할 수 있으니 위젯수정은 안하겠다는 리뷰 답변까지."
271,272,20211010,2021,10,10,1,별이 빛나는 밤,10월 9일 업데이트 후에 앱 실행을 하면 화면이 켜졌다가 바로 앱이 바로 중지되어서 폰을 껐다가 다시 켜고 실행해봐도 에러 매시지가 계속 뜹니다. 삭제하고 재설치 여러번 해봐도 계속 앱 실행만 하면 바로 중지됩니다. 신한페이판으로 여러가지를 이용하고 있었는데 당장 앱 사용을 못하니 당황스럽네요. 왠만하면 리뷰 안쓰는데 리뷰 쓰려고 와보니까 많은 분들이 불편을 겪고 있는데 답변 달린건 너무 어이없는 동문서답식이고...몇일동안 버그 수정도 안되는것 같아서 일단 앱은 삭제해버렸네요. 주말이라서 쉬느라 피드백이 안되는건가요? 공지라도 좀 올려주던가...
272,273,20220123,2022,01,23,4,Jen Min,신한플레이로 바뀐 초반에는 구석구석 숨어있는 메뉴를 찾기가 어려웠는데 익숙해진 지금은 편리하고 좋네요. 메인화면이 직관적이어서 카드 결제내역을 확인하거나 터치결제 이용할 때 편합니다. 앱 하나로 많은 기능을 하다보니 조금 복잡하게 느껴집니다. 자주 사용하는 메뉴를 따로 모아볼 수 있는 즐겨찾기 같은 항목이 있었으면 좋겠습니다.
273,274,20220415,2022,04,15,5,더랄랄라,"신한카드 사용자에게는 꼭 어플인것 같아요~ 첫째 : 결제 시스템이 번거롭지 않아 결제할때마다 간편, 유용하게 사용할 수 있다. 둘째 : 고객센터와 굳이 통화하지 않아도 신한플레이 안에서 해결이 가능하다. 셋째 : 장시간 이용시에도 게임을 할 수 있어서 지루할 틈이 없다. 넷째 : 물건 구매정보 등 각종 쇼핑 정보를 쉽게 얻을수 있다. 다섯째 : 이벤트가 많아서 게임도 하고 두둑한 포인트도 쌓여서 일석이조다. 이것 외에도 장점이 너무 많아 꼭 필요한 어플이라 적극 추천드립니다."
274,275,20220413,2022,04,13,5,설린,페이판에서 플레이로 바뀌면서 UI가 너무 많이 바뀌어서 적응하기 힘들었어요. 실질적으로 카드관련 메뉴는 진입 경로가 복잡해져서 아쉬워요. 조금 더 카드앱 본연의 기능에도 직관적으로 접근할 수 있으면 좋겠습니다. 꾸준한 편의성 안정성 업데이트 기대하며 미리 별5개 드립니다.
275,276,20211216,2021,12,16,5,권춘혁,기존 폰에서는 기능들이 하나둘씩 마비가되어 사용하지 못했던 일들이 폰교체하면서 말끔히 해소되었네요. 일단 깔끔해졌어요.사용하기도 편하고~^^ 허나 기능들이 너무 많으니 어떤 하나를 찾는데 시간이 걸리기도하고 나중엔 익숙함으로 다가오지만.... 편하게 사용하고 있으니 만족하겠지요. 늘 신한과 함께 합니다.
276,277,20220128,2022,01,28,5,공도운,"신한페이판에서 신한플레이로 UI부터 확바뀐후 다양한 이벤트, 포인트 적립 항목들이 있어 좋네요. 물론 페이판에 익숙하다가 바뀌어서 좀 헤매는건 계속 이용하다보면 익숙해질꺼 같구요. 다만 로딩시 느린점은 초기보다는 나아졌지만 개선이 필요하구요. 그리고, 운전면허증 관련 메뉴 PASS앱으로 단순 링크거는거 밖에 않되는거라면 차라리 없애는게 좋을꺼 같네요. 하여간 새롭게 바뀐지 얼마않되어 가끔 튕김현상 등 아직 개선할 부분들은 있지만 점점 더 좋아질꺼라 믿습니다."
277,278,20211220,2021,12,20,3,하현주,앱 내 다양한 컨텐츠가 있는 건 좋은 시도입니다. 신한플레이 내에서 정말 play할 수 있겠어요. 하지만 사용편의성은 떨어집니다. 각 메뉴 이동시마다 계속 로그인하라고 하고. 요즘 트렌드에 안맞습니다. 데이터 양이 너무 방대해서 버퍼링도 심해요. 그리고 너무 산만해서 초기엔 흥미로 둘러보지만 지속성이 있을지 의문입니다.
278,279,20211014,2021,10,14,1,김혜린,기존엔 메뉴 가독성 좋아서 찾기 쉬웠고 업뎃해도 몇번 훑어보면 적응쉬웠는데 이번엔 뭐가 어디에 있는지 하나도 모르겠고 직관적이지가 않아서 짜증나요. 메뉴구성 누가 했는지 몰라도 시말서각...... + 개선하고 있다더니 대체 언제 바뀌나요??? 느리고 불편하고 찾기도 사용하기도 너무 힘들어요. 새로 개발하기 힘들면 이전버전으로 롤백해주세요.........
279,280,20220113,2022,01,13,5,두둠칫,"컨텐츠는 풍부하고 다양해졌는데 기술적인 오류는 지속적으로 발생해서 좀 스트레스가 있어요. 갑자기 멈춘다든지 안드로이드 시스템간 충돌이 난다든지 심지어 신한플레이만 터치가 안되는 일도 발생합니다. 그리고 UI,디자인이 좀 심플했으면 하는 바람도 있습니다.너무 다양한 경로로 원하는 메뉴를 접속하게 하는 것은 좋지만 유저가 많이 헷갈릴 듯 합니다. 다양한 이벤트와 엔터테인먼트 메뉴개발은 질리지 않고 유저가 재밌게 신한 플레이를 사용할 수 있게 해주는 거 같아 좋은 면이라고 생각됩니다."
